sample_ID,project,site_name,site_id,site,site_position,time_interval_wks,replicate,tea_type,deployment_date,burial_depth_cm,retieval_date,total_deployment_time_days,empty_bag_weight_g,initial_tea_dw_g,initial_tb_dw_g,final_tb_dw_g,notes
PSD25_S1.1_t2_A_G,PSD25,Annes Beach,S1.1,1,1,t2,A,G,7/2/2025,5,7/14/2025,12,0.21,3,3.21,1.4101,
PSD25_S1.1_t2_B_G,PSD25,Annes Beach,S1.1,1,1,t2,B,G,7/2/2025,5,7/14/2025,12,0.21,3,3.21,1.3554,
PSD25_S1.1_t2_C_G,PSD25,Annes Beach,S1.1,1,1,t2,C,G,7/2/2025,5,7/14/2025,12,0.21,3,3.21,1.2907,
PSD25_S1.1_t2_D_G,PSD25,Annes Beach,S1.1,1,1,t2,D,G,7/2/2025,5,7/14/2025,12,0.21,3,3.21,1.4246,
PSD25_S1.1_t2_A_R,PSD25,Annes Beach,S1.1,1,1,t2,A,R,7/2/2025,5,7/14/2025,12,0.21,3,3.21,2.5601,
PSD25_S1.1_t2_B_R,PSD25,Annes Beach,S1.1,1,1,t2,B,R,7/2/2025,5,7/14/2025,12,0.21,3,3.21,2.5806,
PSD25_S1.1_t2_C_R,PSD25,Annes Beach,S1.1,1,1,t2,C,R,7/2/2025,5,7/14/2025,12,0.21,3,3.21,2.5351,
PSD25_S1.1_t2_D_R,PSD25,Annes Beach,S1.1,1,1,t2,D,R,7/2/2025,5,7/14/2025,12,0.21,3,3.21,2.5774,
PSD25_S1.2_t2_A_G,PSD25,Annes Beach,S1.2,1,2,t2,A,G,7/2/2025,5,7/14/2025,12,0.21,3,3.21,1.3335,
PSD25_S1.2_t2_B_G,PSD25,Annes Beach,S1.2,1,2,t2,B,G,7/2/2025,5,7/14/2025,12,0.21,3,3.21,1.3309,
PSD25_S1.2_t2_C_G,PSD25,Annes Beach,S1.2,1,2,t2,C,G,7/2/2025,5,7/14/2025,12,0.21,3,3.21,1.5089,
PSD25_S1.2_t2_D_G,PSD25,Annes Beach,S1.2,1,2,t2,D,G,7/2/2025,5,7/14/2025,12,0.21,3,3.21,1.6058,
PSD25_S1.2_t2_A_R,PSD25,Annes Beach,S1.2,1,2,t2,A,R,7/2/2025,5,7/14/2025,12,0.21,3,3.21,2.5355,
PSD25_S1.2_t2_B_R,PSD25,Annes Beach,S1.2,1,2,t2,B,R,7/2/2025,5,7/14/2025,12,0.21,3,3.21,2.6025,
PSD25_S1.2_t2_C_R,PSD25,Annes Beach,S1.2,1,2,t2,C,R,7/2/2025,5,7/14/2025,12,0.21,3,3.21,2.5674,
PSD25_S1.2_t2_D_R,PSD25,Annes Beach,S1.2,1,2,t2,D,R,7/2/2025,5,7/14/2025,12,0.21,3,3.21,2.6242,Small holes in TB (no obvious tea leak)
PSD25_S1.3_t2_A_G,PSD25,Annes Beach,S1.3,1,3,t2,A,G,7/2/2025,5,7/14/2025,12,0.21,3,3.21,1.598,
PSD25_S1.3_t2_B_G,PSD25,Annes Beach,S1.3,1,3,t2,B,G,7/2/2025,5,7/14/2025,12,0.21,3,3.21,1.5706,
PSD25_S1.3_t2_C_G,PSD25,Annes Beach,S1.3,1,3,t2,C,G,7/2/2025,5,7/14/2025,12,0.21,3,3.21,1.5452,
PSD25_S1.3_t2_D_G,PSD25,Annes Beach,S1.3,1,3,t2,D,G,7/2/2025,5,7/14/2025,12,0.21,3,3.21,1.622,
PSD25_S1.3_t2_A_R,PSD25,Annes Beach,S1.3,1,3,t2,A,R,7/2/2025,5,7/14/2025,12,0.21,3,3.21,2.5201,
PSD25_S1.3_t2_B_R,PSD25,Annes Beach,S1.3,1,3,t2,B,R,7/2/2025,5,7/14/2025,12,0.21,3,3.21,2.5329,
PSD25_S1.3_t2_C_R,PSD25,Annes Beach,S1.3,1,3,t2,C,R,7/2/2025,5,7/14/2025,12,0.21,3,3.21,2.5711,
PSD25_S1.3_t2_D_R,PSD25,Annes Beach,S1.3,1,3,t2,D,R,7/2/2025,5,7/14/2025,12,0.21,3,3.21,NA,
PSD25_S1.4_t2_A_G,PSD25,Annes Beach,S1.4,1,4,t2,A,G,7/2/2025,5,7/14/2025,12,0.21,3,3.21,1.7466,
PSD25_S1.4_t2_B_G,PSD25,Annes Beach,S1.4,1,4,t2,B,G,7/2/2025,5,7/14/2025,12,0.21,3,3.21,1.678,
PSD25_S1.4_t2_C_G,PSD25,Annes Beach,S1.4,1,4,t2,C,G,7/2/2025,5,7/14/2025,12,0.21,3,3.21,1.6309,
PSD25_S1.4_t2_D_G,PSD25,Annes Beach,S1.4,1,4,t2,D,G,7/2/2025,5,7/14/2025,12,0.21,3,3.21,NA,
PSD25_S1.4_t2_A_R,PSD25,Annes Beach,S1.4,1,4,t2,A,R,7/2/2025,5,7/14/2025,12,0.21,3,3.21,2.6082,Small holes in TB (no obvious tea leak)
PSD25_S1.4_t2_B_R,PSD25,Annes Beach,S1.4,1,4,t2,B,R,7/2/2025,5,7/14/2025,12,0.21,3,3.21,2.6405,
PSD25_S1.4_t2_C_R,PSD25,Annes Beach,S1.4,1,4,t2,C,R,7/2/2025,5,7/14/2025,12,0.21,3,3.21,2.6093,
PSD25_S1.4_t2_D_R,PSD25,Annes Beach,S1.4,1,4,t2,D,R,7/2/2025,5,7/14/2025,12,0.21,3,3.21,2.5915,
PSD25_S1.5_t2_A_G,PSD25,Annes Beach,S1.5,1,5,t2,A,G,7/2/2025,5,7/14/2025,12,0.21,3,3.21,1.6402,
PSD25_S1.5_t2_B_G,PSD25,Annes Beach,S1.5,1,5,t2,B,G,7/2/2025,5,7/14/2025,12,0.21,3,3.21,1.4408,
PSD25_S1.5_t2_C_G,PSD25,Annes Beach,S1.5,1,5,t2,C,G,7/2/2025,5,7/14/2025,12,0.21,3,3.21,1.6107,
PSD25_S1.5_t2_D_G,PSD25,Annes Beach,S1.5,1,5,t2,D,G,7/2/2025,5,7/14/2025,12,0.21,3,3.21,NA,
PSD25_S1.5_t2_A_R,PSD25,Annes Beach,S1.5,1,5,t2,A,R,7/2/2025,5,7/14/2025,12,0.21,3,3.21,2.6449,
PSD25_S1.5_t2_B_R,PSD25,Annes Beach,S1.5,1,5,t2,B,R,7/2/2025,5,7/14/2025,12,0.21,3,3.21,2.6693,
PSD25_S1.5_t2_C_R,PSD25,Annes Beach,S1.5,1,5,t2,C,R,7/2/2025,5,7/14/2025,12,0.21,3,3.21,2.6109,
PSD25_S1.5_t2_D_R,PSD25,Annes Beach,S1.5,1,5,t2,D,R,7/2/2025,5,7/14/2025,12,0.21,3,3.21,2.6005,Small holes in TB (no obvious tea leak)
PSD25_S1.6_t2_A_G,PSD25,Annes Beach,S1.6,1,6,t2,A,G,7/2/2025,5,7/14/2025,12,0.21,3,3.21,1.4705,
PSD25_S1.6_t2_B_G,PSD25,Annes Beach,S1.6,1,6,t2,B,G,7/2/2025,5,7/14/2025,12,0.21,3,3.21,1.4057,
PSD25_S1.6_t2_C_G,PSD25,Annes Beach,S1.6,1,6,t2,C,G,7/2/2025,5,7/14/2025,12,0.21,3,3.21,1.395,
PSD25_S1.6_t2_D_G,PSD25,Annes Beach,S1.6,1,6,t2,D,G,7/2/2025,5,7/14/2025,12,0.21,3,3.21,1.532,
PSD25_S1.6_t2_A_R,PSD25,Annes Beach,S1.6,1,6,t2,A,R,7/2/2025,5,7/14/2025,12,0.21,3,3.21,2.5771,
PSD25_S1.6_t2_B_R,PSD25,Annes Beach,S1.6,1,6,t2,B,R,7/2/2025,5,7/14/2025,12,0.21,3,3.21,2.5997,
PSD25_S1.6_t2_C_R,PSD25,Annes Beach,S1.6,1,6,t2,C,R,7/2/2025,5,7/14/2025,12,0.21,3,3.21,2.6122,
PSD25_S1.6_t2_D_R,PSD25,Annes Beach,S1.6,1,6,t2,D,R,7/2/2025,5,7/14/2025,12,0.21,3,3.21,2.5499,
PSD25_S2.1_t2_A_G,PSD25,Craig Key,S2.1,2,1,t2,A,G,7/2/2025,5,7/14/2025,12,0.21,3,3.21,1.5418,
PSD25_S2.1_t2_B_G,PSD25,Craig Key,S2.1,2,1,t2,B,G,7/2/2025,5,7/14/2025,12,0.21,3,3.21,1.6491,
PSD25_S2.1_t2_C_G,PSD25,Craig Key,S2.1,2,1,t2,C,G,7/2/2025,5,7/14/2025,12,0.21,3,3.21,1.3344,
PSD25_S2.1_t2_D_G,PSD25,Craig Key,S2.1,2,1,t2,D,G,7/2/2025,5,7/14/2025,12,0.21,3,3.21,NA,
PSD25_S2.1_t2_A_R,PSD25,Craig Key,S2.1,2,1,t2,A,R,7/2/2025,5,7/14/2025,12,0.21,3,3.21,2.5384,
PSD25_S2.1_t2_B_R,PSD25,Craig Key,S2.1,2,1,t2,B,R,7/2/2025,5,7/14/2025,12,0.21,3,3.21,2.515,
PSD25_S2.1_t2_C_R,PSD25,Craig Key,S2.1,2,1,t2,C,R,7/2/2025,5,7/14/2025,12,0.21,3,3.21,2.5707,
PSD25_S2.1_t2_D_R,PSD25,Craig Key,S2.1,2,1,t2,D,R,7/2/2025,5,7/14/2025,12,0.21,3,3.21,NA,
PSD25_S2.2_t2_A_G,PSD25,Craig Key,S2.2,2,2,t2,A,G,7/2/2025,5,7/14/2025,12,0.21,3,3.21,1.4814,
PSD25_S2.2_t2_B_G,PSD25,Craig Key,S2.2,2,2,t2,B,G,7/2/2025,5,7/14/2025,12,0.21,3,3.21,1.2981,
PSD25_S2.2_t2_C_G,PSD25,Craig Key,S2.2,2,2,t2,C,G,7/2/2025,5,7/14/2025,12,0.21,3,3.21,1.4187,
PSD25_S2.2_t2_D_G,PSD25,Craig Key,S2.2,2,2,t2,D,G,7/2/2025,5,7/14/2025,12,0.21,3,3.21,NA,
PSD25_S2.2_t2_A_R,PSD25,Craig Key,S2.2,2,2,t2,A,R,7/2/2025,5,7/14/2025,12,0.21,3,3.21,2.6039,
PSD25_S2.2_t2_B_R,PSD25,Craig Key,S2.2,2,2,t2,B,R,7/2/2025,5,7/14/2025,12,0.21,3,3.21,2.629,
PSD25_S2.2_t2_C_R,PSD25,Craig Key,S2.2,2,2,t2,C,R,7/2/2025,5,7/14/2025,12,0.21,3,3.21,2.6143,Small holes in TB (no obvious tea leak)
PSD25_S2.2_t2_D_R,PSD25,Craig Key,S2.2,2,2,t2,D,R,7/2/2025,5,7/14/2025,12,0.21,3,3.21,NA,
PSD25_S2.3_t2_A_G,PSD25,Craig Key,S2.3,2,3,t2,A,G,7/2/2025,5,7/14/2025,12,0.21,3,3.21,1.3311,
PSD25_S2.3_t2_B_G,PSD25,Craig Key,S2.3,2,3,t2,B,G,7/2/2025,5,7/14/2025,12,0.21,3,3.21,1.1963,
PSD25_S2.3_t2_C_G,PSD25,Craig Key,S2.3,2,3,t2,C,G,7/2/2025,5,7/14/2025,12,0.21,3,3.21,1.4348,
PSD25_S2.3_t2_D_G,PSD25,Craig Key,S2.3,2,3,t2,D,G,7/2/2025,5,7/14/2025,12,0.21,3,3.21,NA,
PSD25_S2.3_t2_A_R,PSD25,Craig Key,S2.3,2,3,t2,A,R,7/2/2025,5,7/14/2025,12,0.21,3,3.21,2.3525,Small holes in TB (no obvious tea leak)
PSD25_S2.3_t2_B_R,PSD25,Craig Key,S2.3,2,3,t2,B,R,7/2/2025,5,7/14/2025,12,0.21,3,3.21,2.4825,
PSD25_S2.3_t2_C_R,PSD25,Craig Key,S2.3,2,3,t2,C,R,7/2/2025,5,7/14/2025,12,0.21,3,3.21,2.4909,
PSD25_S2.3_t2_D_R,PSD25,Craig Key,S2.3,2,3,t2,D,R,7/2/2025,5,7/14/2025,12,0.21,3,3.21,2.5276,
PSD25_S2.4_t2_A_G,PSD25,Craig Key,S2.4,2,4,t2,A,G,7/2/2025,5,7/14/2025,12,0.21,3,3.21,1.3422,
PSD25_S2.4_t2_B_G,PSD25,Craig Key,S2.4,2,4,t2,B,G,7/2/2025,5,7/14/2025,12,0.21,3,3.21,1.5145,
PSD25_S2.4_t2_C_G,PSD25,Craig Key,S2.4,2,4,t2,C,G,7/2/2025,5,7/14/2025,12,0.21,3,3.21,1.5084,Small holes in TB (no obvious tea leak)
PSD25_S2.4_t2_D_G,PSD25,Craig Key,S2.4,2,4,t2,D,G,7/2/2025,5,7/14/2025,12,0.21,3,3.21,NA,
PSD25_S2.4_t2_A_R,PSD25,Craig Key,S2.4,2,4,t2,A,R,7/2/2025,5,7/14/2025,12,0.21,3,3.21,2.5769,Small holes in TB (no obvious tea leak)
PSD25_S2.4_t2_B_R,PSD25,Craig Key,S2.4,2,4,t2,B,R,7/2/2025,5,7/14/2025,12,0.21,3,3.21,2.5768,
PSD25_S2.4_t2_C_R,PSD25,Craig Key,S2.4,2,4,t2,C,R,7/2/2025,5,7/14/2025,12,0.21,3,3.21,2.4981,
PSD25_S2.4_t2_D_R,PSD25,Craig Key,S2.4,2,4,t2,D,R,7/2/2025,5,7/14/2025,12,0.21,3,3.21,NA,
PSD25_S2.5_t2_A_G,PSD25,Craig Key,S2.5,2,5,t2,A,G,7/2/2025,5,7/14/2025,12,0.21,3,3.21,1.3436,
PSD25_S2.5_t2_B_G,PSD25,Craig Key,S2.5,2,5,t2,B,G,7/2/2025,5,7/14/2025,12,0.21,3,3.21,1.4499,
PSD25_S2.5_t2_C_G,PSD25,Craig Key,S2.5,2,5,t2,C,G,7/2/2025,5,7/14/2025,12,0.21,3,3.21,1.3082,
PSD25_S2.5_t2_D_G,PSD25,Craig Key,S2.5,2,5,t2,D,G,7/2/2025,5,7/14/2025,12,0.21,3,3.21,NA,
PSD25_S2.5_t2_A_R,PSD25,Craig Key,S2.5,2,5,t2,A,R,7/2/2025,5,7/14/2025,12,0.21,3,3.21,2.5299,
PSD25_S2.5_t2_B_R,PSD25,Craig Key,S2.5,2,5,t2,B,R,7/2/2025,5,7/14/2025,12,0.21,3,3.21,2.5425,
PSD25_S2.5_t2_C_R,PSD25,Craig Key,S2.5,2,5,t2,C,R,7/2/2025,5,7/14/2025,12,0.21,3,3.21,2.5491,
PSD25_S2.5_t2_D_R,PSD25,Craig Key,S2.5,2,5,t2,D,R,7/2/2025,5,7/14/2025,12,0.21,3,3.21,NA,
PSD25_S2.6_t2_A_G,PSD25,Craig Key,S2.6,2,6,t2,A,G,7/2/2025,5,7/14/2025,12,0.21,3,3.21,1.2726,
PSD25_S2.6_t2_B_G,PSD25,Craig Key,S2.6,2,6,t2,B,G,7/2/2025,5,7/14/2025,12,0.21,3,3.21,1.2379,
PSD25_S2.6_t2_C_G,PSD25,Craig Key,S2.6,2,6,t2,C,G,7/2/2025,5,7/14/2025,12,0.21,3,3.21,1.43,
PSD25_S2.6_t2_D_G,PSD25,Craig Key,S2.6,2,6,t2,D,G,7/2/2025,5,7/14/2025,12,0.21,3,3.21,NA,
PSD25_S2.6_t2_A_R,PSD25,Craig Key,S2.6,2,6,t2,A,R,7/2/2025,5,7/14/2025,12,0.21,3,3.21,2.6657,
PSD25_S2.6_t2_B_R,PSD25,Craig Key,S2.6,2,6,t2,B,R,7/2/2025,5,7/14/2025,12,0.21,3,3.21,2.6039,
PSD25_S2.6_t2_C_R,PSD25,Craig Key,S2.6,2,6,t2,C,R,7/2/2025,5,7/14/2025,12,0.21,3,3.21,2.5651,
PSD25_S2.6_t2_D_R,PSD25,Craig Key,S2.6,2,6,t2,D,R,7/2/2025,5,7/14/2025,12,0.21,3,3.21,2.6109,
PSD25_S3.1_t2_A_G,PSD25,Little Conch,S3.1,3,1,t2,A,G,7/3/2025,5,7/15/2025,12,0.21,3,3.21,1.3295,
PSD25_S3.1_t2_B_G,PSD25,Little Conch,S3.1,3,1,t2,B,G,7/3/2025,5,7/15/2025,12,0.21,3,3.21,1.7183,
PSD25_S3.1_t2_C_G,PSD25,Little Conch,S3.1,3,1,t2,C,G,7/3/2025,5,7/15/2025,12,0.21,3,3.21,1.5667,
PSD25_S3.1_t2_D_G,PSD25,Little Conch,S3.1,3,1,t2,D,G,7/3/2025,5,7/15/2025,12,0.21,3,3.21,1.353,
PSD25_S3.1_t2_A_R,PSD25,Little Conch,S3.1,3,1,t2,A,R,7/3/2025,5,7/15/2025,12,0.21,3,3.21,2.5336,
PSD25_S3.1_t2_B_R,PSD25,Little Conch,S3.1,3,1,t2,B,R,7/3/2025,5,7/15/2025,12,0.21,3,3.21,2.5884,
PSD25_S3.1_t2_C_R,PSD25,Little Conch,S3.1,3,1,t2,C,R,7/3/2025,5,7/15/2025,12,0.21,3,3.21,2.5686,
PSD25_S3.1_t2_D_R,PSD25,Little Conch,S3.1,3,1,t2,D,R,7/3/2025,5,7/15/2025,12,0.21,3,3.21,NA,
PSD25_S3.2_t2_A_G,PSD25,Little Conch,S3.2,3,2,t2,A,G,7/3/2025,5,7/15/2025,12,0.21,3,3.21,1.4078,
PSD25_S3.2_t2_B_G,PSD25,Little Conch,S3.2,3,2,t2,B,G,7/3/2025,5,7/15/2025,12,0.21,3,3.21,1.5605,
PSD25_S3.2_t2_C_G,PSD25,Little Conch,S3.2,3,2,t2,C,G,7/3/2025,5,7/15/2025,12,0.21,3,3.21,1.3984,
PSD25_S3.2_t2_D_G,PSD25,Little Conch,S3.2,3,2,t2,D,G,7/3/2025,5,7/15/2025,12,0.21,3,3.21,1.413,
PSD25_S3.2_t2_A_R,PSD25,Little Conch,S3.2,3,2,t2,A,R,7/3/2025,5,7/15/2025,12,0.21,3,3.21,2.5337,
PSD25_S3.2_t2_B_R,PSD25,Little Conch,S3.2,3,2,t2,B,R,7/3/2025,5,7/15/2025,12,0.21,3,3.21,2.6053,
PSD25_S3.2_t2_C_R,PSD25,Little Conch,S3.2,3,2,t2,C,R,7/3/2025,5,7/15/2025,12,0.21,3,3.21,2.5084,Small holes in TB (no obvious tea leak)
PSD25_S3.2_t2_D_R,PSD25,Little Conch,S3.2,3,2,t2,D,R,7/3/2025,5,7/15/2025,12,0.21,3,3.21,NA,
PSD25_S3.3_t2_A_G,PSD25,Little Conch,S3.3,3,3,t2,A,G,7/3/2025,5,7/15/2025,12,0.21,3,3.21,1.5924,
PSD25_S3.3_t2_B_G,PSD25,Little Conch,S3.3,3,3,t2,B,G,7/3/2025,5,7/15/2025,12,0.21,3,3.21,1.6534,
PSD25_S3.3_t2_C_G,PSD25,Little Conch,S3.3,3,3,t2,C,G,7/3/2025,5,7/15/2025,12,0.21,3,3.21,1.4786,
PSD25_S3.3_t2_D_G,PSD25,Little Conch,S3.3,3,3,t2,D,G,7/3/2025,5,7/15/2025,12,0.21,3,3.21,1.7215,
PSD25_S3.3_t2_A_R,PSD25,Little Conch,S3.3,3,3,t2,A,R,7/3/2025,5,7/15/2025,12,0.21,3,3.21,2.5234,
PSD25_S3.3_t2_B_R,PSD25,Little Conch,S3.3,3,3,t2,B,R,7/3/2025,5,7/15/2025,12,0.21,3,3.21,2.6013,
PSD25_S3.3_t2_C_R,PSD25,Little Conch,S3.3,3,3,t2,C,R,7/3/2025,5,7/15/2025,12,0.21,3,3.21,2.6149,
PSD25_S3.3_t2_D_R,PSD25,Little Conch,S3.3,3,3,t2,D,R,7/3/2025,5,7/15/2025,12,0.21,3,3.21,2.593,
PSD25_S3.4_t2_A_G,PSD25,Little Conch,S3.4,3,4,t2,A,G,7/3/2025,5,7/15/2025,12,0.21,3,3.21,1.5825,
PSD25_S3.4_t2_B_G,PSD25,Little Conch,S3.4,3,4,t2,B,G,7/3/2025,5,7/15/2025,12,0.21,3,3.21,1.7544,
PSD25_S3.4_t2_C_G,PSD25,Little Conch,S3.4,3,4,t2,C,G,7/3/2025,5,7/15/2025,12,0.21,3,3.21,1.6839,
PSD25_S3.4_t2_D_G,PSD25,Little Conch,S3.4,3,4,t2,D,G,7/3/2025,5,7/15/2025,12,0.21,3,3.21,1.7172,
PSD25_S3.4_t2_A_R,PSD25,Little Conch,S3.4,3,4,t2,A,R,7/3/2025,5,7/15/2025,12,0.21,3,3.21,2.5508,
PSD25_S3.4_t2_B_R,PSD25,Little Conch,S3.4,3,4,t2,B,R,7/3/2025,5,7/15/2025,12,0.21,3,3.21,2.6477,
PSD25_S3.4_t2_C_R,PSD25,Little Conch,S3.4,3,4,t2,C,R,7/3/2025,5,7/15/2025,12,0.21,3,3.21,2.6201,
PSD25_S3.4_t2_D_R,PSD25,Little Conch,S3.4,3,4,t2,D,R,7/3/2025,5,7/15/2025,12,0.21,3,3.21,2.6528,
PSD25_S3.5_t2_A_G,PSD25,Little Conch,S3.5,3,5,t2,A,G,7/3/2025,5,7/15/2025,12,0.21,3,3.21,1.5255,
PSD25_S3.5_t2_B_G,PSD25,Little Conch,S3.5,3,5,t2,B,G,7/3/2025,5,7/15/2025,12,0.21,3,3.21,1.738,
PSD25_S3.5_t2_C_G,PSD25,Little Conch,S3.5,3,5,t2,C,G,7/3/2025,5,7/15/2025,12,0.21,3,3.21,1.5705,Small holes in TB (no obvious tea leak)
PSD25_S3.5_t2_D_G,PSD25,Little Conch,S3.5,3,5,t2,D,G,7/3/2025,5,7/15/2025,12,0.21,3,3.21,NA,
PSD25_S3.5_t2_A_R,PSD25,Little Conch,S3.5,3,5,t2,A,R,7/3/2025,5,7/15/2025,12,0.21,3,3.21,2.6263,
PSD25_S3.5_t2_B_R,PSD25,Little Conch,S3.5,3,5,t2,B,R,7/3/2025,5,7/15/2025,12,0.21,3,3.21,2.559,
PSD25_S3.5_t2_C_R,PSD25,Little Conch,S3.5,3,5,t2,C,R,7/3/2025,5,7/15/2025,12,0.21,3,3.21,2.6766,Small holes in TB (no obvious tea leak)
PSD25_S3.5_t2_D_R,PSD25,Little Conch,S3.5,3,5,t2,D,R,7/3/2025,5,7/15/2025,12,0.21,3,3.21,NA,
PSD25_S3.6_t2_A_G,PSD25,Little Conch,S3.6,3,6,t2,A,G,7/3/2025,5,7/15/2025,12,0.21,3,3.21,1.8596,
PSD25_S3.6_t2_B_G,PSD25,Little Conch,S3.6,3,6,t2,B,G,7/3/2025,5,7/15/2025,12,0.21,3,3.21,1.8072,Small tear at seal - opened during cleaning with no obvious tea loss
PSD25_S3.6_t2_C_G,PSD25,Little Conch,S3.6,3,6,t2,C,G,7/3/2025,5,7/15/2025,12,0.21,3,3.21,1.6965,
PSD25_S3.6_t2_D_G,PSD25,Little Conch,S3.6,3,6,t2,D,G,7/3/2025,5,7/15/2025,12,0.21,3,3.21,1.8986,
PSD25_S3.6_t2_A_R,PSD25,Little Conch,S3.6,3,6,t2,A,R,7/3/2025,5,7/15/2025,12,0.21,3,3.21,2.5715,
PSD25_S3.6_t2_B_R,PSD25,Little Conch,S3.6,3,6,t2,B,R,7/3/2025,5,7/15/2025,12,0.21,3,3.21,2.6298,
PSD25_S3.6_t2_C_R,PSD25,Little Conch,S3.6,3,6,t2,C,R,7/3/2025,5,7/15/2025,12,0.21,3,3.21,2.6452,
PSD25_S3.6_t2_D_R,PSD25,Little Conch,S3.6,3,6,t2,D,R,7/3/2025,5,7/15/2025,12,0.21,3,3.21,NA,
PSD25_S1.1_t4_A_G,PSD25,Annes Beach,S1.1,1,1,t4,A,G,7/2/2025,5,7/28/2025,26,0.21,3,3.21,1.1422,
PSD25_S1.1_t4_B_G,PSD25,Annes Beach,S1.1,1,1,t4,B,G,7/2/2025,5,7/28/2025,26,0.21,3,3.21,1.1675,
PSD25_S1.1_t4_C_G,PSD25,Annes Beach,S1.1,1,1,t4,C,G,7/2/2025,5,7/28/2025,26,0.21,3,3.21,1.2482,
PSD25_S1.1_t4_D_G,PSD25,Annes Beach,S1.1,1,1,t4,D,G,7/2/2025,5,7/28/2025,26,0.21,3,3.21,1.1982,
PSD25_S1.1_t4_A_R,PSD25,Annes Beach,S1.1,1,1,t4,A,R,7/2/2025,5,7/28/2025,26,0.21,3,3.21,2.5319,
PSD25_S1.1_t4_B_R,PSD25,Annes Beach,S1.1,1,1,t4,B,R,7/2/2025,5,7/28/2025,26,0.21,3,3.21,2.5262,
PSD25_S1.1_t4_C_R,PSD25,Annes Beach,S1.1,1,1,t4,C,R,7/2/2025,5,7/28/2025,26,0.21,3,3.21,2.5148,
PSD25_S1.1_t4_D_R,PSD25,Annes Beach,S1.1,1,1,t4,D,R,7/2/2025,5,7/28/2025,26,0.21,3,3.21,NA,
PSD25_S1.2_t4_A_G,PSD25,Annes Beach,S1.2,1,2,t4,A,G,7/2/2025,5,7/28/2025,26,0.21,3,3.21,1.1614,
PSD25_S1.2_t4_B_G,PSD25,Annes Beach,S1.2,1,2,t4,B,G,7/2/2025,5,7/28/2025,26,0.21,3,3.21,1.03,Small hole in bag - weight potentially abnormal
PSD25_S1.2_t4_C_G,PSD25,Annes Beach,S1.2,1,2,t4,C,G,7/2/2025,5,7/28/2025,26,0.21,3,3.21,1.1672,
PSD25_S1.2_t4_D_G,PSD25,Annes Beach,S1.2,1,2,t4,D,G,7/2/2025,5,7/28/2025,26,0.21,3,3.21,NA,
PSD25_S1.2_t4_A_R,PSD25,Annes Beach,S1.2,1,2,t4,A,R,7/2/2025,5,7/28/2025,26,0.21,3,3.21,2.4514,Small holes in TB (no obvious tea leak)
PSD25_S1.2_t4_B_R,PSD25,Annes Beach,S1.2,1,2,t4,B,R,7/2/2025,5,7/28/2025,26,0.21,3,3.21,2.5327,Small hole in TB (no obvious tea leak)
PSD25_S1.2_t4_C_R,PSD25,Annes Beach,S1.2,1,2,t4,C,R,7/2/2025,5,7/28/2025,26,0.21,3,3.21,2.538,
PSD25_S1.2_t4_D_R,PSD25,Annes Beach,S1.2,1,2,t4,D,R,7/2/2025,5,7/28/2025,26,0.21,3,3.21,NA,
PSD25_S1.3_t4_A_G,PSD25,Annes Beach,S1.3,1,3,t4,A,G,7/2/2025,5,7/28/2025,26,0.21,3,3.21,1.1386,
PSD25_S1.3_t4_B_G,PSD25,Annes Beach,S1.3,1,3,t4,B,G,7/2/2025,5,7/28/2025,26,0.21,3,3.21,1.1477,
PSD25_S1.3_t4_C_G,PSD25,Annes Beach,S1.3,1,3,t4,C,G,7/2/2025,5,7/28/2025,26,0.21,3,3.21,1.1516,
PSD25_S1.3_t4_D_G,PSD25,Annes Beach,S1.3,1,3,t4,D,G,7/2/2025,5,7/28/2025,26,0.21,3,3.21,1.1725,
PSD25_S1.3_t4_A_R,PSD25,Annes Beach,S1.3,1,3,t4,A,R,7/2/2025,5,7/28/2025,26,0.21,3,3.21,2.3682,
PSD25_S1.3_t4_B_R,PSD25,Annes Beach,S1.3,1,3,t4,B,R,7/2/2025,5,7/28/2025,26,0.21,3,3.21,2.5315,
PSD25_S1.3_t4_C_R,PSD25,Annes Beach,S1.3,1,3,t4,C,R,7/2/2025,5,7/28/2025,26,0.21,3,3.21,2.577,
PSD25_S1.3_t4_D_R,PSD25,Annes Beach,S1.3,1,3,t4,D,R,7/2/2025,5,7/28/2025,26,0.21,3,3.21,NA,
PSD25_S1.4_t4_A_G,PSD25,Annes Beach,S1.4,1,4,t4,A,G,7/2/2025,5,7/28/2025,26,0.21,3,3.21,1.1386,
PSD25_S1.4_t4_B_G,PSD25,Annes Beach,S1.4,1,4,t4,B,G,7/2/2025,5,7/28/2025,26,0.21,3,3.21,1.0925,Small hole in TB (no obvious tea leak)
PSD25_S1.4_t4_C_G,PSD25,Annes Beach,S1.4,1,4,t4,C,G,7/2/2025,5,7/28/2025,26,0.21,3,3.21,1.0332,
PSD25_S1.4_t4_D_G,PSD25,Annes Beach,S1.4,1,4,t4,D,G,7/2/2025,5,7/28/2025,26,0.21,3,3.21,1.1053,
PSD25_S1.4_t4_A_R,PSD25,Annes Beach,S1.4,1,4,t4,A,R,7/2/2025,5,7/28/2025,26,0.21,3,3.21,2.4802,Small holes in TB - bites? (no obvious tea leak)
PSD25_S1.4_t4_B_R,PSD25,Annes Beach,S1.4,1,4,t4,B,R,7/2/2025,5,7/28/2025,26,0.21,3,3.21,2.5088,
PSD25_S1.4_t4_C_R,PSD25,Annes Beach,S1.4,1,4,t4,C,R,7/2/2025,5,7/28/2025,26,0.21,3,3.21,2.5679,
PSD25_S1.4_t4_D_R,PSD25,Annes Beach,S1.4,1,4,t4,D,R,7/2/2025,5,7/28/2025,26,0.21,3,3.21,NA,
PSD25_S1.5_t4_A_G,PSD25,Annes Beach,S1.5,1,5,t4,A,G,7/2/2025,5,7/28/2025,26,0.21,3,3.21,1.178,
PSD25_S1.5_t4_B_G,PSD25,Annes Beach,S1.5,1,5,t4,B,G,7/2/2025,5,7/28/2025,26,0.21,3,3.21,1.0998,
PSD25_S1.5_t4_C_G,PSD25,Annes Beach,S1.5,1,5,t4,C,G,7/2/2025,5,7/28/2025,26,0.21,3,3.21,1.0343,
PSD25_S1.5_t4_D_G,PSD25,Annes Beach,S1.5,1,5,t4,D,G,7/2/2025,5,7/28/2025,26,0.21,3,3.21,NA,
PSD25_S1.5_t4_A_R,PSD25,Annes Beach,S1.5,1,5,t4,A,R,7/2/2025,5,7/28/2025,26,0.21,3,3.21,2.5616,
PSD25_S1.5_t4_B_R,PSD25,Annes Beach,S1.5,1,5,t4,B,R,7/2/2025,5,7/28/2025,26,0.21,3,3.21,2.5997,
PSD25_S1.5_t4_C_R,PSD25,Annes Beach,S1.5,1,5,t4,C,R,7/2/2025,5,7/28/2025,26,0.21,3,3.21,2.5899,
PSD25_S1.5_t4_D_R,PSD25,Annes Beach,S1.5,1,5,t4,D,R,7/2/2025,5,7/28/2025,26,0.21,3,3.21,NA,
PSD25_S1.6_t4_A_G,PSD25,Annes Beach,S1.6,1,6,t4,A,G,7/2/2025,5,7/28/2025,26,0.21,3,3.21,1.1293,
PSD25_S1.6_t4_B_G,PSD25,Annes Beach,S1.6,1,6,t4,B,G,7/2/2025,5,7/28/2025,26,0.21,3,3.21,1.1319,
PSD25_S1.6_t4_C_G,PSD25,Annes Beach,S1.6,1,6,t4,C,G,7/2/2025,5,7/28/2025,26,0.21,3,3.21,1.0869,
PSD25_S1.6_t4_D_G,PSD25,Annes Beach,S1.6,1,6,t4,D,G,7/2/2025,5,7/28/2025,26,0.21,3,3.21,NA,
PSD25_S1.6_t4_A_R,PSD25,Annes Beach,S1.6,1,6,t4,A,R,7/2/2025,5,7/28/2025,26,0.21,3,3.21,2.5378,Small holes in TB - bites? (no obvious tea leak)
PSD25_S1.6_t4_B_R,PSD25,Annes Beach,S1.6,1,6,t4,B,R,7/2/2025,5,7/28/2025,26,0.21,3,3.21,2.5814,
PSD25_S1.6_t4_C_R,PSD25,Annes Beach,S1.6,1,6,t4,C,R,7/2/2025,5,7/28/2025,26,0.21,3,3.21,2.5551,
PSD25_S1.6_t4_D_R,PSD25,Annes Beach,S1.6,1,6,t4,D,R,7/2/2025,5,7/28/2025,26,0.21,3,3.21,NA,
PSD25_S2.1_t4_A_G,PSD25,Craig Key,S2.1,2,1,t4,A,G,7/2/2025,5,7/28/2025,26,0.21,3,3.21,1.1506,Small hole in TB - weight potentially abnormal
PSD25_S2.1_t4_B_G,PSD25,Craig Key,S2.1,2,1,t4,B,G,7/2/2025,5,7/28/2025,26,0.21,3,3.21,0.9869,
PSD25_S2.1_t4_C_G,PSD25,Craig Key,S2.1,2,1,t4,C,G,7/2/2025,5,7/28/2025,26,0.21,3,3.21,1.1845,
PSD25_S2.1_t4_D_G,PSD25,Craig Key,S2.1,2,1,t4,D,G,7/2/2025,5,7/28/2025,26,0.21,3,3.21,NA,
PSD25_S2.1_t4_A_R,PSD25,Craig Key,S2.1,2,1,t4,A,R,7/2/2025,5,7/28/2025,26,0.21,3,3.21,2.5713,
PSD25_S2.1_t4_B_R,PSD25,Craig Key,S2.1,2,1,t4,B,R,7/2/2025,5,7/28/2025,26,0.21,3,3.21,2.5909,
PSD25_S2.1_t4_C_R,PSD25,Craig Key,S2.1,2,1,t4,C,R,7/2/2025,5,7/28/2025,26,0.21,3,3.21,2.5893,
PSD25_S2.1_t4_D_R,PSD25,Craig Key,S2.1,2,1,t4,D,R,7/2/2025,5,7/28/2025,26,0.21,3,3.21,NA,
PSD25_S2.2_t4_A_G,PSD25,Craig Key,S2.2,2,2,t4,A,G,7/2/2025,5,7/28/2025,26,0.21,3,3.21,1.0791,
PSD25_S2.2_t4_B_G,PSD25,Craig Key,S2.2,2,2,t4,B,G,7/2/2025,5,7/28/2025,26,0.21,3,3.21,1.2995,
PSD25_S2.2_t4_C_G,PSD25,Craig Key,S2.2,2,2,t4,C,G,7/2/2025,5,7/28/2025,26,0.21,3,3.21,1.3191,
PSD25_S2.2_t4_D_G,PSD25,Craig Key,S2.2,2,2,t4,D,G,7/2/2025,5,7/28/2025,26,0.21,3,3.21,NA,
PSD25_S2.2_t4_A_R,PSD25,Craig Key,S2.2,2,2,t4,A,R,7/2/2025,5,7/28/2025,26,0.21,3,3.21,2.5677,Small holes in TB - bites? (no obvious tea leak)
PSD25_S2.2_t4_B_R,PSD25,Craig Key,S2.2,2,2,t4,B,R,7/2/2025,5,7/28/2025,26,0.21,3,3.21,2.5536,
PSD25_S2.2_t4_C_R,PSD25,Craig Key,S2.2,2,2,t4,C,R,7/2/2025,5,7/28/2025,26,0.21,3,3.21,2.5756,
PSD25_S2.2_t4_D_R,PSD25,Craig Key,S2.2,2,2,t4,D,R,7/2/2025,5,7/28/2025,26,0.21,3,3.21,NA,
PSD25_S2.3_t4_A_G,PSD25,Craig Key,S2.3,2,3,t4,A,G,7/2/2025,5,7/28/2025,26,0.21,3,3.21,1.2247,
PSD25_S2.3_t4_B_G,PSD25,Craig Key,S2.3,2,3,t4,B,G,7/2/2025,5,7/28/2025,26,0.21,3,3.21,1.2041,
PSD25_S2.3_t4_C_G,PSD25,Craig Key,S2.3,2,3,t4,C,G,7/2/2025,5,7/28/2025,26,0.21,3,3.21,0.9877,
PSD25_S2.3_t4_D_G,PSD25,Craig Key,S2.3,2,3,t4,D,G,7/2/2025,5,7/28/2025,26,0.21,3,3.21,NA,
PSD25_S2.3_t4_A_R,PSD25,Craig Key,S2.3,2,3,t4,A,R,7/2/2025,5,7/28/2025,26,0.21,3,3.21,2.5553,
PSD25_S2.3_t4_B_R,PSD25,Craig Key,S2.3,2,3,t4,B,R,7/2/2025,5,7/28/2025,26,0.21,3,3.21,2.4786,Small hole in TB - weight potentially abnormal
PSD25_S2.3_t4_C_R,PSD25,Craig Key,S2.3,2,3,t4,C,R,7/2/2025,5,7/28/2025,26,0.21,3,3.21,2.5946,
PSD25_S2.3_t4_D_R,PSD25,Craig Key,S2.3,2,3,t4,D,R,7/2/2025,5,7/28/2025,26,0.21,3,3.21,NA,
PSD25_S2.4_t4_A_G,PSD25,Craig Key,S2.4,2,4,t4,A,G,7/2/2025,5,7/28/2025,26,0.21,3,3.21,1.1955,
PSD25_S2.4_t4_B_G,PSD25,Craig Key,S2.4,2,4,t4,B,G,7/2/2025,5,7/28/2025,26,0.21,3,3.21,1.1117,
PSD25_S2.4_t4_C_G,PSD25,Craig Key,S2.4,2,4,t4,C,G,7/2/2025,5,7/28/2025,26,0.21,3,3.21,NA,
PSD25_S2.4_t4_D_G,PSD25,Craig Key,S2.4,2,4,t4,D,G,7/2/2025,5,7/28/2025,26,0.21,3,3.21,NA,
PSD25_S2.4_t4_A_R,PSD25,Craig Key,S2.4,2,4,t4,A,R,7/2/2025,5,7/28/2025,26,0.21,3,3.21,2.6201,
PSD25_S2.4_t4_B_R,PSD25,Craig Key,S2.4,2,4,t4,B,R,7/2/2025,5,7/28/2025,26,0.21,3,3.21,2.6031,
PSD25_S2.4_t4_C_R,PSD25,Craig Key,S2.4,2,4,t4,C,R,7/2/2025,5,7/28/2025,26,0.21,3,3.21,NA,
PSD25_S2.4_t4_D_R,PSD25,Craig Key,S2.4,2,4,t4,D,R,7/2/2025,5,7/28/2025,26,0.21,3,3.21,NA,
PSD25_S2.5_t4_A_G,PSD25,Craig Key,S2.5,2,5,t4,A,G,7/2/2025,5,7/28/2025,26,0.21,3,3.21,1.3133,
PSD25_S2.5_t4_B_G,PSD25,Craig Key,S2.5,2,5,t4,B,G,7/2/2025,5,7/28/2025,26,0.21,3,3.21,1.1715,
PSD25_S2.5_t4_C_G,PSD25,Craig Key,S2.5,2,5,t4,C,G,7/2/2025,5,7/28/2025,26,0.21,3,3.21,1.2099,
PSD25_S2.5_t4_D_G,PSD25,Craig Key,S2.5,2,5,t4,D,G,7/2/2025,5,7/28/2025,26,0.21,3,3.21,NA,
PSD25_S2.5_t4_A_R,PSD25,Craig Key,S2.5,2,5,t4,A,R,7/2/2025,5,7/28/2025,26,0.21,3,3.21,2.5505,
PSD25_S2.5_t4_B_R,PSD25,Craig Key,S2.5,2,5,t4,B,R,7/2/2025,5,7/28/2025,26,0.21,3,3.21,2.6352,
PSD25_S2.5_t4_C_R,PSD25,Craig Key,S2.5,2,5,t4,C,R,7/2/2025,5,7/28/2025,26,0.21,3,3.21,2.556,Small hole in TB (no obvious tea leak)
PSD25_S2.5_t4_D_R,PSD25,Craig Key,S2.5,2,5,t4,D,R,7/2/2025,5,7/28/2025,26,0.21,3,3.21,NA,
PSD25_S2.6_t4_A_G,PSD25,Craig Key,S2.6,2,6,t4,A,G,7/2/2025,5,7/28/2025,26,0.21,3,3.21,1.2357,
PSD25_S2.6_t4_B_G,PSD25,Craig Key,S2.6,2,6,t4,B,G,7/2/2025,5,7/28/2025,26,0.21,3,3.21,1.1838,
PSD25_S2.6_t4_C_G,PSD25,Craig Key,S2.6,2,6,t4,C,G,7/2/2025,5,7/28/2025,26,0.21,3,3.21,1.1885,
PSD25_S2.6_t4_D_G,PSD25,Craig Key,S2.6,2,6,t4,D,G,7/2/2025,5,7/28/2025,26,0.21,3,3.21,NA,
PSD25_S2.6_t4_A_R,PSD25,Craig Key,S2.6,2,6,t4,A,R,7/2/2025,5,7/28/2025,26,0.21,3,3.21,2.6382,
PSD25_S2.6_t4_B_R,PSD25,Craig Key,S2.6,2,6,t4,B,R,7/2/2025,5,7/28/2025,26,0.21,3,3.21,2.671,
PSD25_S2.6_t4_C_R,PSD25,Craig Key,S2.6,2,6,t4,C,R,7/2/2025,5,7/28/2025,26,0.21,3,3.21,2.5932,Small holes in TB - bites? (no obvious tea leak)
PSD25_S2.6_t4_D_R,PSD25,Craig Key,S2.6,2,6,t4,D,R,7/2/2025,5,7/28/2025,26,0.21,3,3.21,NA,
PSD25_S3.1_t4_A_G,PSD25,Little Conch,S3.1,3,1,t4,A,G,7/3/2025,5,7/29/2025,26,0.21,3,3.21,1.0595,
PSD25_S3.1_t4_B_G,PSD25,Little Conch,S3.1,3,1,t4,B,G,7/3/2025,5,7/29/2025,26,0.21,3,3.21,1.0499,
PSD25_S3.1_t4_C_G,PSD25,Little Conch,S3.1,3,1,t4,C,G,7/3/2025,5,7/29/2025,26,0.21,3,3.21,1.0807,
PSD25_S3.1_t4_D_G,PSD25,Little Conch,S3.1,3,1,t4,D,G,7/3/2025,5,7/29/2025,26,0.21,3,3.21,NA,
PSD25_S3.1_t4_A_R,PSD25,Little Conch,S3.1,3,1,t4,A,R,7/3/2025,5,7/29/2025,26,0.21,3,3.21,2.543,
PSD25_S3.1_t4_B_R,PSD25,Little Conch,S3.1,3,1,t4,B,R,7/3/2025,5,7/29/2025,26,0.21,3,3.21,2.4863,
PSD25_S3.1_t4_C_R,PSD25,Little Conch,S3.1,3,1,t4,C,R,7/3/2025,5,7/29/2025,26,0.21,3,3.21,2.4512,
PSD25_S3.1_t4_D_R,PSD25,Little Conch,S3.1,3,1,t4,D,R,7/3/2025,5,7/29/2025,26,0.21,3,3.21,2.47,
PSD25_S3.2_t4_A_G,PSD25,Little Conch,S3.2,3,2,t4,A,G,7/3/2025,5,7/29/2025,26,0.21,3,3.21,1.238,
PSD25_S3.2_t4_B_G,PSD25,Little Conch,S3.2,3,2,t4,B,G,7/3/2025,5,7/29/2025,26,0.21,3,3.21,1.0961,
PSD25_S3.2_t4_C_G,PSD25,Little Conch,S3.2,3,2,t4,C,G,7/3/2025,5,7/29/2025,26,0.21,3,3.21,1.0482,
PSD25_S3.2_t4_D_G,PSD25,Little Conch,S3.2,3,2,t4,D,G,7/3/2025,5,7/29/2025,26,0.21,3,3.21,NA,
PSD25_S3.2_t4_A_R,PSD25,Little Conch,S3.2,3,2,t4,A,R,7/3/2025,5,7/29/2025,26,0.21,3,3.21,2.5465,
PSD25_S3.2_t4_B_R,PSD25,Little Conch,S3.2,3,2,t4,B,R,7/3/2025,5,7/29/2025,26,0.21,3,3.21,2.5501,
PSD25_S3.2_t4_C_R,PSD25,Little Conch,S3.2,3,2,t4,C,R,7/3/2025,5,7/29/2025,26,0.21,3,3.21,2.5548,
PSD25_S3.2_t4_D_R,PSD25,Little Conch,S3.2,3,2,t4,D,R,7/3/2025,5,7/29/2025,26,0.21,3,3.21,2.5927,Small holes in TB (no obvious tea leak)
PSD25_S3.3_t4_A_G,PSD25,Little Conch,S3.3,3,3,t4,A,G,7/3/2025,5,7/29/2025,26,0.21,3,3.21,0.9553,Small hole in TB - weight potentially abnormal
PSD25_S3.3_t4_B_G,PSD25,Little Conch,S3.3,3,3,t4,B,G,7/3/2025,5,7/29/2025,26,0.21,3,3.21,1.0206,
PSD25_S3.3_t4_C_G,PSD25,Little Conch,S3.3,3,3,t4,C,G,7/3/2025,5,7/29/2025,26,0.21,3,3.21,1.0366,
PSD25_S3.3_t4_D_G,PSD25,Little Conch,S3.3,3,3,t4,D,G,7/3/2025,5,7/29/2025,26,0.21,3,3.21,NA,
PSD25_S3.3_t4_A_R,PSD25,Little Conch,S3.3,3,3,t4,A,R,7/3/2025,5,7/29/2025,26,0.21,3,3.21,2.6268,
PSD25_S3.3_t4_B_R,PSD25,Little Conch,S3.3,3,3,t4,B,R,7/3/2025,5,7/29/2025,26,0.21,3,3.21,2.572,
PSD25_S3.3_t4_C_R,PSD25,Little Conch,S3.3,3,3,t4,C,R,7/3/2025,5,7/29/2025,26,0.21,3,3.21,2.6003,
PSD25_S3.3_t4_D_R,PSD25,Little Conch,S3.3,3,3,t4,D,R,7/3/2025,5,7/29/2025,26,0.21,3,3.21,NA,
PSD25_S3.4_t4_A_G,PSD25,Little Conch,S3.4,3,4,t4,A,G,7/3/2025,5,7/29/2025,26,0.21,3,3.21,1.0319,
PSD25_S3.4_t4_B_G,PSD25,Little Conch,S3.4,3,4,t4,B,G,7/3/2025,5,7/29/2025,26,0.21,3,3.21,0.9634,
PSD25_S3.4_t4_C_G,PSD25,Little Conch,S3.4,3,4,t4,C,G,7/3/2025,5,7/29/2025,26,0.21,3,3.21,1.1172,
PSD25_S3.4_t4_D_G,PSD25,Little Conch,S3.4,3,4,t4,D,G,7/3/2025,5,7/29/2025,26,0.21,3,3.21,NA,
PSD25_S3.4_t4_A_R,PSD25,Little Conch,S3.4,3,4,t4,A,R,7/3/2025,5,7/29/2025,26,0.21,3,3.21,2.5744,
PSD25_S3.4_t4_B_R,PSD25,Little Conch,S3.4,3,4,t4,B,R,7/3/2025,5,7/29/2025,26,0.21,3,3.21,2.6003,
PSD25_S3.4_t4_C_R,PSD25,Little Conch,S3.4,3,4,t4,C,R,7/3/2025,5,7/29/2025,26,0.21,3,3.21,2.5932,
PSD25_S3.4_t4_D_R,PSD25,Little Conch,S3.4,3,4,t4,D,R,7/3/2025,5,7/29/2025,26,0.21,3,3.21,NA,
PSD25_S3.5_t4_A_G,PSD25,Little Conch,S3.5,3,5,t4,A,G,7/3/2025,5,7/29/2025,26,0.21,3,3.21,1.0008,
PSD25_S3.5_t4_B_G,PSD25,Little Conch,S3.5,3,5,t4,B,G,7/3/2025,5,7/29/2025,26,0.21,3,3.21,0.9716,
PSD25_S3.5_t4_C_G,PSD25,Little Conch,S3.5,3,5,t4,C,G,7/3/2025,5,7/29/2025,26,0.21,3,3.21,1.0054,
PSD25_S3.5_t4_D_G,PSD25,Little Conch,S3.5,3,5,t4,D,G,7/3/2025,5,7/29/2025,26,0.21,3,3.21,NA,
PSD25_S3.5_t4_A_R,PSD25,Little Conch,S3.5,3,5,t4,A,R,7/3/2025,5,7/29/2025,26,0.21,3,3.21,2.5561,
PSD25_S3.5_t4_B_R,PSD25,Little Conch,S3.5,3,5,t4,B,R,7/3/2025,5,7/29/2025,26,0.21,3,3.21,2.5858,
PSD25_S3.5_t4_C_R,PSD25,Little Conch,S3.5,3,5,t4,C,R,7/3/2025,5,7/29/2025,26,0.21,3,3.21,2.5053,
PSD25_S3.5_t4_D_R,PSD25,Little Conch,S3.5,3,5,t4,D,R,7/3/2025,5,7/29/2025,26,0.21,3,3.21,2.5776,
PSD25_S3.6_t4_A_G,PSD25,Little Conch,S3.6,3,6,t4,A,G,7/3/2025,5,7/29/2025,26,0.21,3,3.21,1.0058,
PSD25_S3.6_t4_B_G,PSD25,Little Conch,S3.6,3,6,t4,B,G,7/3/2025,5,7/29/2025,26,0.21,3,3.21,1.1133,
PSD25_S3.6_t4_C_G,PSD25,Little Conch,S3.6,3,6,t4,C,G,7/3/2025,5,7/29/2025,26,0.21,3,3.21,0.9517,
PSD25_S3.6_t4_D_G,PSD25,Little Conch,S3.6,3,6,t4,D,G,7/3/2025,5,7/29/2025,26,0.21,3,3.21,NA,
PSD25_S3.6_t4_A_R,PSD25,Little Conch,S3.6,3,6,t4,A,R,7/3/2025,5,7/29/2025,26,0.21,3,3.21,2.6718,
PSD25_S3.6_t4_B_R,PSD25,Little Conch,S3.6,3,6,t4,B,R,7/3/2025,5,7/29/2025,26,0.21,3,3.21,2.5984,
PSD25_S3.6_t4_C_R,PSD25,Little Conch,S3.6,3,6,t4,C,R,7/3/2025,5,7/29/2025,26,0.21,3,3.21,2.5695,
PSD25_S3.6_t4_D_R,PSD25,Little Conch,S3.6,3,6,t4,D,R,7/3/2025,5,7/29/2025,26,0.21,3,3.21,NA,
PSD25_S1.1_t7_A_G,PSD25,Annes Beach,S1.1,1,1,t7,A,G,7/2/2025,5,8/19/2025,48,0.21,3,3.21,1.0579,
PSD25_S1.1_t7_B_G,PSD25,Annes Beach,S1.1,1,1,t7,B,G,7/2/2025,5,8/19/2025,48,0.21,3,3.21,1.0526,
PSD25_S1.1_t7_C_G,PSD25,Annes Beach,S1.1,1,1,t7,C,G,7/2/2025,5,8/19/2025,48,0.21,3,3.21,1.0776,
PSD25_S1.1_t7_D_G,PSD25,Annes Beach,S1.1,1,1,t7,D,G,7/2/2025,5,8/19/2025,48,0.21,3,3.21,NA,
PSD25_S1.1_t7_A_R,PSD25,Annes Beach,S1.1,1,1,t7,A,R,7/2/2025,5,8/19/2025,48,0.21,3,3.21,2.3495,
PSD25_S1.1_t7_B_R,PSD25,Annes Beach,S1.1,1,1,t7,B,R,7/2/2025,5,8/19/2025,48,0.21,3,3.21,2.3432,
PSD25_S1.1_t7_C_R,PSD25,Annes Beach,S1.1,1,1,t7,C,R,7/2/2025,5,8/19/2025,48,0.21,3,3.21,2.3046,Small hole in TB - weight potentially abnormal
PSD25_S1.1_t7_D_R,PSD25,Annes Beach,S1.1,1,1,t7,D,R,7/2/2025,5,8/19/2025,48,0.21,3,3.21,NA,
PSD25_S1.2_t7_A_G,PSD25,Annes Beach,S1.2,1,2,t7,A,G,7/2/2025,5,8/19/2025,48,0.21,3,3.21,0.93,
PSD25_S1.2_t7_B_G,PSD25,Annes Beach,S1.2,1,2,t7,B,G,7/2/2025,5,8/19/2025,48,0.21,3,3.21,1.3026,Hal growth in TB - don't use in analysis
PSD25_S1.2_t7_C_G,PSD25,Annes Beach,S1.2,1,2,t7,C,G,7/2/2025,5,8/19/2025,48,0.21,3,3.21,NA,
PSD25_S1.2_t7_D_G,PSD25,Annes Beach,S1.2,1,2,t7,D,G,7/2/2025,5,8/19/2025,48,0.21,3,3.21,NA,
PSD25_S1.2_t7_A_R,PSD25,Annes Beach,S1.2,1,2,t7,A,R,7/2/2025,5,8/19/2025,48,0.21,3,3.21,2.3154,Small hole in TB - weight potentially abnormal
PSD25_S1.2_t7_B_R,PSD25,Annes Beach,S1.2,1,2,t7,B,R,7/2/2025,5,8/19/2025,48,0.21,3,3.21,2.37,
PSD25_S1.2_t7_C_R,PSD25,Annes Beach,S1.2,1,2,t7,C,R,7/2/2025,5,8/19/2025,48,0.21,3,3.21,2.378,
PSD25_S1.2_t7_D_R,PSD25,Annes Beach,S1.2,1,2,t7,D,R,7/2/2025,5,8/19/2025,48,0.21,3,3.21,NA,
PSD25_S1.3_t7_A_G,PSD25,Annes Beach,S1.3,1,3,t7,A,G,7/2/2025,5,8/19/2025,48,0.21,3,3.21,0.9661,
PSD25_S1.3_t7_B_G,PSD25,Annes Beach,S1.3,1,3,t7,B,G,7/2/2025,5,8/19/2025,48,0.21,3,3.21,0.8849,
PSD25_S1.3_t7_C_G,PSD25,Annes Beach,S1.3,1,3,t7,C,G,7/2/2025,5,8/19/2025,48,0.21,3,3.21,0.893,
PSD25_S1.3_t7_D_G,PSD25,Annes Beach,S1.3,1,3,t7,D,G,7/2/2025,5,8/19/2025,48,0.21,3,3.21,0.8802,
PSD25_S1.3_t7_A_R,PSD25,Annes Beach,S1.3,1,3,t7,A,R,7/2/2025,5,8/19/2025,48,0.21,3,3.21,2.243,
PSD25_S1.3_t7_B_R,PSD25,Annes Beach,S1.3,1,3,t7,B,R,7/2/2025,5,8/19/2025,48,0.21,3,3.21,2.3523,
PSD25_S1.3_t7_C_R,PSD25,Annes Beach,S1.3,1,3,t7,C,R,7/2/2025,5,8/19/2025,48,0.21,3,3.21,2.3468,
PSD25_S1.3_t7_D_R,PSD25,Annes Beach,S1.3,1,3,t7,D,R,7/2/2025,5,8/19/2025,48,0.21,3,3.21,NA,
PSD25_S1.4_t7_A_G,PSD25,Annes Beach,S1.4,1,4,t7,A,G,7/2/2025,5,8/19/2025,48,0.21,3,3.21,0.9214,
PSD25_S1.4_t7_B_G,PSD25,Annes Beach,S1.4,1,4,t7,B,G,7/2/2025,5,8/19/2025,48,0.21,3,3.21,0.8897,
PSD25_S1.4_t7_C_G,PSD25,Annes Beach,S1.4,1,4,t7,C,G,7/2/2025,5,8/19/2025,48,0.21,3,3.21,0.8773,
PSD25_S1.4_t7_D_G,PSD25,Annes Beach,S1.4,1,4,t7,D,G,7/2/2025,5,8/19/2025,48,0.21,3,3.21,NA,
PSD25_S1.4_t7_A_R,PSD25,Annes Beach,S1.4,1,4,t7,A,R,7/2/2025,5,8/19/2025,48,0.21,3,3.21,2.1874,Small hole in TB - weight potentially abnormal
PSD25_S1.4_t7_B_R,PSD25,Annes Beach,S1.4,1,4,t7,B,R,7/2/2025,5,8/19/2025,48,0.21,3,3.21,2.3387,
PSD25_S1.4_t7_C_R,PSD25,Annes Beach,S1.4,1,4,t7,C,R,7/2/2025,5,8/19/2025,48,0.21,3,3.21,NA,
PSD25_S1.4_t7_D_R,PSD25,Annes Beach,S1.4,1,4,t7,D,R,7/2/2025,5,8/19/2025,48,0.21,3,3.21,NA,
PSD25_S1.5_t7_A_G,PSD25,Annes Beach,S1.5,1,5,t7,A,G,7/2/2025,5,8/19/2025,48,0.21,3,3.21,0.9955,
PSD25_S1.5_t7_B_G,PSD25,Annes Beach,S1.5,1,5,t7,B,G,7/2/2025,5,8/19/2025,48,0.21,3,3.21,0.9625,
PSD25_S1.5_t7_C_G,PSD25,Annes Beach,S1.5,1,5,t7,C,G,7/2/2025,5,8/19/2025,48,0.21,3,3.21,1.0325,
PSD25_S1.5_t7_D_G,PSD25,Annes Beach,S1.5,1,5,t7,D,G,7/2/2025,5,8/19/2025,48,0.21,3,3.21,NA,
PSD25_S1.5_t7_A_R,PSD25,Annes Beach,S1.5,1,5,t7,A,R,7/2/2025,5,8/19/2025,48,0.21,3,3.21,2.4579,
PSD25_S1.5_t7_B_R,PSD25,Annes Beach,S1.5,1,5,t7,B,R,7/2/2025,5,8/19/2025,48,0.21,3,3.21,2.356,
PSD25_S1.5_t7_C_R,PSD25,Annes Beach,S1.5,1,5,t7,C,R,7/2/2025,5,8/19/2025,48,0.21,3,3.21,2.3815,
PSD25_S1.5_t7_D_R,PSD25,Annes Beach,S1.5,1,5,t7,D,R,7/2/2025,5,8/19/2025,48,0.21,3,3.21,2.2972,
PSD25_S1.6_t7_A_G,PSD25,Annes Beach,S1.6,1,6,t7,A,G,7/2/2025,5,8/19/2025,48,0.21,3,3.21,0.882,
PSD25_S1.6_t7_B_G,PSD25,Annes Beach,S1.6,1,6,t7,B,G,7/2/2025,5,8/19/2025,48,0.21,3,3.21,0.8747,
PSD25_S1.6_t7_C_G,PSD25,Annes Beach,S1.6,1,6,t7,C,G,7/2/2025,5,8/19/2025,48,0.21,3,3.21,1.0245,
PSD25_S1.6_t7_D_G,PSD25,Annes Beach,S1.6,1,6,t7,D,G,7/2/2025,5,8/19/2025,48,0.21,3,3.21,NA,
PSD25_S1.6_t7_A_R,PSD25,Annes Beach,S1.6,1,6,t7,A,R,7/2/2025,5,8/19/2025,48,0.21,3,3.21,2.3297,
PSD25_S1.6_t7_B_R,PSD25,Annes Beach,S1.6,1,6,t7,B,R,7/2/2025,5,8/19/2025,48,0.21,3,3.21,2.2536,Small hole in TB - weight potentially abnormal
PSD25_S1.6_t7_C_R,PSD25,Annes Beach,S1.6,1,6,t7,C,R,7/2/2025,5,8/19/2025,48,0.21,3,3.21,NA,
PSD25_S1.6_t7_D_R,PSD25,Annes Beach,S1.6,1,6,t7,D,R,7/2/2025,5,8/19/2025,48,0.21,3,3.21,NA,
PSD25_S2.1_t7_A_G,PSD25,Craig Key,S2.1,2,1,t7,A,G,7/2/2025,5,8/19/2025,48,0.21,3,3.21,0.924,
PSD25_S2.1_t7_B_G,PSD25,Craig Key,S2.1,2,1,t7,B,G,7/2/2025,5,8/19/2025,48,0.21,3,3.21,0.896,
PSD25_S2.1_t7_C_G,PSD25,Craig Key,S2.1,2,1,t7,C,G,7/2/2025,5,8/19/2025,48,0.21,3,3.21,0.8841,
PSD25_S2.1_t7_D_G,PSD25,Craig Key,S2.1,2,1,t7,D,G,7/2/2025,5,8/19/2025,48,0.21,3,3.21,1.0201,
PSD25_S2.1_t7_A_R,PSD25,Craig Key,S2.1,2,1,t7,A,R,7/2/2025,5,8/19/2025,48,0.21,3,3.21,2.2719,
PSD25_S2.1_t7_B_R,PSD25,Craig Key,S2.1,2,1,t7,B,R,7/2/2025,5,8/19/2025,48,0.21,3,3.21,2.3014,
PSD25_S2.1_t7_C_R,PSD25,Craig Key,S2.1,2,1,t7,C,R,7/2/2025,5,8/19/2025,48,0.21,3,3.21,2.2075,
PSD25_S2.1_t7_D_R,PSD25,Craig Key,S2.1,2,1,t7,D,R,7/2/2025,5,8/19/2025,48,0.21,3,3.21,2.3163,
PSD25_S2.2_t7_A_G,PSD25,Craig Key,S2.2,2,2,t7,A,G,7/2/2025,5,8/19/2025,48,0.21,3,3.21,0.9971,
PSD25_S2.2_t7_B_G,PSD25,Craig Key,S2.2,2,2,t7,B,G,7/2/2025,5,8/19/2025,48,0.21,3,3.21,0.9459,
PSD25_S2.2_t7_C_G,PSD25,Craig Key,S2.2,2,2,t7,C,G,7/2/2025,5,8/19/2025,48,0.21,3,3.21,1.0319,
PSD25_S2.2_t7_D_G,PSD25,Craig Key,S2.2,2,2,t7,D,G,7/2/2025,5,8/19/2025,48,0.21,3,3.21,0.9149,Small hole in TB - weight potentially abnormal
PSD25_S2.2_t7_A_R,PSD25,Craig Key,S2.2,2,2,t7,A,R,7/2/2025,5,8/19/2025,48,0.21,3,3.21,2.3988,
PSD25_S2.2_t7_B_R,PSD25,Craig Key,S2.2,2,2,t7,B,R,7/2/2025,5,8/19/2025,48,0.21,3,3.21,2.3974,
PSD25_S2.2_t7_C_R,PSD25,Craig Key,S2.2,2,2,t7,C,R,7/2/2025,5,8/19/2025,48,0.21,3,3.21,2.4146,
PSD25_S2.2_t7_D_R,PSD25,Craig Key,S2.2,2,2,t7,D,R,7/2/2025,5,8/19/2025,48,0.21,3,3.21,NA,
PSD25_S2.3_t7_A_G,PSD25,Craig Key,S2.3,2,3,t7,A,G,7/2/2025,5,8/19/2025,48,0.21,3,3.21,1.0458,
PSD25_S2.3_t7_B_G,PSD25,Craig Key,S2.3,2,3,t7,B,G,7/2/2025,5,8/19/2025,48,0.21,3,3.21,1.0217,
PSD25_S2.3_t7_C_G,PSD25,Craig Key,S2.3,2,3,t7,C,G,7/2/2025,5,8/19/2025,48,0.21,3,3.21,0.9977,
PSD25_S2.3_t7_D_G,PSD25,Craig Key,S2.3,2,3,t7,D,G,7/2/2025,5,8/19/2025,48,0.21,3,3.21,NA,
PSD25_S2.3_t7_A_R,PSD25,Craig Key,S2.3,2,3,t7,A,R,7/2/2025,5,8/19/2025,48,0.21,3,3.21,2.3636,
PSD25_S2.3_t7_B_R,PSD25,Craig Key,S2.3,2,3,t7,B,R,7/2/2025,5,8/19/2025,48,0.21,3,3.21,2.3425,
PSD25_S2.3_t7_C_R,PSD25,Craig Key,S2.3,2,3,t7,C,R,7/2/2025,5,8/19/2025,48,0.21,3,3.21,2.2857,Tea loss while weighing - don't use
PSD25_S2.3_t7_D_R,PSD25,Craig Key,S2.3,2,3,t7,D,R,7/2/2025,5,8/19/2025,48,0.21,3,3.21,NA,
PSD25_S2.4_t7_A_G,PSD25,Craig Key,S2.4,2,4,t7,A,G,7/2/2025,5,8/19/2025,48,0.21,3,3.21,0.9437,
PSD25_S2.4_t7_B_G,PSD25,Craig Key,S2.4,2,4,t7,B,G,7/2/2025,5,8/19/2025,48,0.21,3,3.21,1.0053,
PSD25_S2.4_t7_C_G,PSD25,Craig Key,S2.4,2,4,t7,C,G,7/2/2025,5,8/19/2025,48,0.21,3,3.21,NA,
PSD25_S2.4_t7_D_G,PSD25,Craig Key,S2.4,2,4,t7,D,G,7/2/2025,5,8/19/2025,48,0.21,3,3.21,NA,
PSD25_S2.4_t7_A_R,PSD25,Craig Key,S2.4,2,4,t7,A,R,7/2/2025,5,8/19/2025,48,0.21,3,3.21,2.4022,
PSD25_S2.4_t7_B_R,PSD25,Craig Key,S2.4,2,4,t7,B,R,7/2/2025,5,8/19/2025,48,0.21,3,3.21,2.3263,Small hole in TB - weight potentially abnormal
PSD25_S2.4_t7_C_R,PSD25,Craig Key,S2.4,2,4,t7,C,R,7/2/2025,5,8/19/2025,48,0.21,3,3.21,NA,
PSD25_S2.4_t7_D_R,PSD25,Craig Key,S2.4,2,4,t7,D,R,7/2/2025,5,8/19/2025,48,0.21,3,3.21,NA,
PSD25_S2.5_t7_A_G,PSD25,Craig Key,S2.5,2,5,t7,A,G,7/2/2025,5,8/19/2025,48,0.21,3,3.21,1.0367,
PSD25_S2.5_t7_B_G,PSD25,Craig Key,S2.5,2,5,t7,B,G,7/2/2025,5,8/19/2025,48,0.21,3,3.21,NA,
PSD25_S2.5_t7_C_G,PSD25,Craig Key,S2.5,2,5,t7,C,G,7/2/2025,5,8/19/2025,48,0.21,3,3.21,NA,
PSD25_S2.5_t7_D_G,PSD25,Craig Key,S2.5,2,5,t7,D,G,7/2/2025,5,8/19/2025,48,0.21,3,3.21,NA,
PSD25_S2.5_t7_A_R,PSD25,Craig Key,S2.5,2,5,t7,A,R,7/2/2025,5,8/19/2025,48,0.21,3,3.21,2.3847,
PSD25_S2.5_t7_B_R,PSD25,Craig Key,S2.5,2,5,t7,B,R,7/2/2025,5,8/19/2025,48,0.21,3,3.21,2.3571,
PSD25_S2.5_t7_C_R,PSD25,Craig Key,S2.5,2,5,t7,C,R,7/2/2025,5,8/19/2025,48,0.21,3,3.21,NA,
PSD25_S2.5_t7_D_R,PSD25,Craig Key,S2.5,2,5,t7,D,R,7/2/2025,5,8/19/2025,48,0.21,3,3.21,NA,
PSD25_S2.6_t7_A_G,PSD25,Craig Key,S2.6,2,6,t7,A,G,7/2/2025,5,8/19/2025,48,0.21,3,3.21,1.0478,
PSD25_S2.6_t7_B_G,PSD25,Craig Key,S2.6,2,6,t7,B,G,7/2/2025,5,8/19/2025,48,0.21,3,3.21,1.0716,
PSD25_S2.6_t7_C_G,PSD25,Craig Key,S2.6,2,6,t7,C,G,7/2/2025,5,8/19/2025,48,0.21,3,3.21,1.0581,
PSD25_S2.6_t7_D_G,PSD25,Craig Key,S2.6,2,6,t7,D,G,7/2/2025,5,8/19/2025,48,0.21,3,3.21,NA,
PSD25_S2.6_t7_A_R,PSD25,Craig Key,S2.6,2,6,t7,A,R,7/2/2025,5,8/19/2025,48,0.21,3,3.21,2.3626,
PSD25_S2.6_t7_B_R,PSD25,Craig Key,S2.6,2,6,t7,B,R,7/2/2025,5,8/19/2025,48,0.21,3,3.21,2.389,
PSD25_S2.6_t7_C_R,PSD25,Craig Key,S2.6,2,6,t7,C,R,7/2/2025,5,8/19/2025,48,0.21,3,3.21,2.3395,Small holes in TB - bites? (no obvious tea leak)
PSD25_S2.6_t7_D_R,PSD25,Craig Key,S2.6,2,6,t7,D,R,7/2/2025,5,8/19/2025,48,0.21,3,3.21,NA,
PSD25_S3.1_t7_A_G,PSD25,Little Conch,S3.1,3,1,t7,A,G,7/3/2025,5,8/20/2025,48,0.21,3,3.21,1.0711,
PSD25_S3.1_t7_B_G,PSD25,Little Conch,S3.1,3,1,t7,B,G,7/3/2025,5,8/20/2025,48,0.21,3,3.21,0.976,
PSD25_S3.1_t7_C_G,PSD25,Little Conch,S3.1,3,1,t7,C,G,7/3/2025,5,8/20/2025,48,0.21,3,3.21,NA,
PSD25_S3.1_t7_D_G,PSD25,Little Conch,S3.1,3,1,t7,D,G,7/3/2025,5,8/20/2025,48,0.21,3,3.21,NA,
PSD25_S3.1_t7_A_R,PSD25,Little Conch,S3.1,3,1,t7,A,R,7/3/2025,5,8/20/2025,48,0.21,3,3.21,2.4258,Small holes in TB (no obvious tea leak)
PSD25_S3.1_t7_B_R,PSD25,Little Conch,S3.1,3,1,t7,B,R,7/3/2025,5,8/20/2025,48,0.21,3,3.21,2.3039,
PSD25_S3.1_t7_C_R,PSD25,Little Conch,S3.1,3,1,t7,C,R,7/3/2025,5,8/20/2025,48,0.21,3,3.21,2.3585,
PSD25_S3.1_t7_D_R,PSD25,Little Conch,S3.1,3,1,t7,D,R,7/3/2025,5,8/20/2025,48,0.21,3,3.21,NA,
PSD25_S3.2_t7_A_G,PSD25,Little Conch,S3.2,3,2,t7,A,G,7/3/2025,5,8/20/2025,48,0.21,3,3.21,0.9982,
PSD25_S3.2_t7_B_G,PSD25,Little Conch,S3.2,3,2,t7,B,G,7/3/2025,5,8/20/2025,48,0.21,3,3.21,1.0639,
PSD25_S3.2_t7_C_G,PSD25,Little Conch,S3.2,3,2,t7,C,G,7/3/2025,5,8/20/2025,48,0.21,3,3.21,0.9526,
PSD25_S3.2_t7_D_G,PSD25,Little Conch,S3.2,3,2,t7,D,G,7/3/2025,5,8/20/2025,48,0.21,3,3.21,0.9331,
PSD25_S3.2_t7_A_R,PSD25,Little Conch,S3.2,3,2,t7,A,R,7/3/2025,5,8/20/2025,48,0.21,3,3.21,2.3317,
PSD25_S3.2_t7_B_R,PSD25,Little Conch,S3.2,3,2,t7,B,R,7/3/2025,5,8/20/2025,48,0.21,3,3.21,2.363,
PSD25_S3.2_t7_C_R,PSD25,Little Conch,S3.2,3,2,t7,C,R,7/3/2025,5,8/20/2025,48,0.21,3,3.21,2.2316,
PSD25_S3.2_t7_D_R,PSD25,Little Conch,S3.2,3,2,t7,D,R,7/3/2025,5,8/20/2025,48,0.21,3,3.21,NA,
PSD25_S3.3_t7_A_G,PSD25,Little Conch,S3.3,3,3,t7,A,G,7/3/2025,5,8/20/2025,48,0.21,3,3.21,1.0109,
PSD25_S3.3_t7_B_G,PSD25,Little Conch,S3.3,3,3,t7,B,G,7/3/2025,5,8/20/2025,48,0.21,3,3.21,1.0421,
PSD25_S3.3_t7_C_G,PSD25,Little Conch,S3.3,3,3,t7,C,G,7/3/2025,5,8/20/2025,48,0.21,3,3.21,1.0502,
PSD25_S3.3_t7_D_G,PSD25,Little Conch,S3.3,3,3,t7,D,G,7/3/2025,5,8/20/2025,48,0.21,3,3.21,1.122,
PSD25_S3.3_t7_A_R,PSD25,Little Conch,S3.3,3,3,t7,A,R,7/3/2025,5,8/20/2025,48,0.21,3,3.21,2.3945,
PSD25_S3.3_t7_B_R,PSD25,Little Conch,S3.3,3,3,t7,B,R,7/3/2025,5,8/20/2025,48,0.21,3,3.21,2.4465,
PSD25_S3.3_t7_C_R,PSD25,Little Conch,S3.3,3,3,t7,C,R,7/3/2025,5,8/20/2025,48,0.21,3,3.21,2.3898,
PSD25_S3.3_t7_D_R,PSD25,Little Conch,S3.3,3,3,t7,D,R,7/3/2025,5,8/20/2025,48,0.21,3,3.21,2.4038,
PSD25_S3.4_t7_A_G,PSD25,Little Conch,S3.4,3,4,t7,A,G,7/3/2025,5,8/20/2025,48,0.21,3,3.21,0.859,
PSD25_S3.4_t7_B_G,PSD25,Little Conch,S3.4,3,4,t7,B,G,7/3/2025,5,8/20/2025,48,0.21,3,3.21,0.8194,
PSD25_S3.4_t7_C_G,PSD25,Little Conch,S3.4,3,4,t7,C,G,7/3/2025,5,8/20/2025,48,0.21,3,3.21,0.8855,
PSD25_S3.4_t7_D_G,PSD25,Little Conch,S3.4,3,4,t7,D,G,7/3/2025,5,8/20/2025,48,0.21,3,3.21,0.8423,
PSD25_S3.4_t7_A_R,PSD25,Little Conch,S3.4,3,4,t7,A,R,7/3/2025,5,8/20/2025,48,0.21,3,3.21,2.2876,
PSD25_S3.4_t7_B_R,PSD25,Little Conch,S3.4,3,4,t7,B,R,7/3/2025,5,8/20/2025,48,0.21,3,3.21,2.2767,
PSD25_S3.4_t7_C_R,PSD25,Little Conch,S3.4,3,4,t7,C,R,7/3/2025,5,8/20/2025,48,0.21,3,3.21,2.2354,
PSD25_S3.4_t7_D_R,PSD25,Little Conch,S3.4,3,4,t7,D,R,7/3/2025,5,8/20/2025,48,0.21,3,3.21,2.2949,
PSD25_S3.5_t7_A_G,PSD25,Little Conch,S3.5,3,5,t7,A,G,7/3/2025,5,8/20/2025,48,0.21,3,3.21,0.9149,
PSD25_S3.5_t7_B_G,PSD25,Little Conch,S3.5,3,5,t7,B,G,7/3/2025,5,8/20/2025,48,0.21,3,3.21,0.9256,
PSD25_S3.5_t7_C_G,PSD25,Little Conch,S3.5,3,5,t7,C,G,7/3/2025,5,8/20/2025,48,0.21,3,3.21,0.8648,
PSD25_S3.5_t7_D_G,PSD25,Little Conch,S3.5,3,5,t7,D,G,7/3/2025,5,8/20/2025,48,0.21,3,3.21,0.8837,
PSD25_S3.5_t7_A_R,PSD25,Little Conch,S3.5,3,5,t7,A,R,7/3/2025,5,8/20/2025,48,0.21,3,3.21,2.277,
PSD25_S3.5_t7_B_R,PSD25,Little Conch,S3.5,3,5,t7,B,R,7/3/2025,5,8/20/2025,48,0.21,3,3.21,2.2763,
PSD25_S3.5_t7_C_R,PSD25,Little Conch,S3.5,3,5,t7,C,R,7/3/2025,5,8/20/2025,48,0.21,3,3.21,2.2684,
PSD25_S3.5_t7_D_R,PSD25,Little Conch,S3.5,3,5,t7,D,R,7/3/2025,5,8/20/2025,48,0.21,3,3.21,NA,
PSD25_S3.6_t7_A_G,PSD25,Little Conch,S3.6,3,6,t7,A,G,7/3/2025,5,8/20/2025,48,0.21,3,3.21,1.013,
PSD25_S3.6_t7_B_G,PSD25,Little Conch,S3.6,3,6,t7,B,G,7/3/2025,5,8/20/2025,48,0.21,3,3.21,1.0032,
PSD25_S3.6_t7_C_G,PSD25,Little Conch,S3.6,3,6,t7,C,G,7/3/2025,5,8/20/2025,48,0.21,3,3.21,0.968,
PSD25_S3.6_t7_D_G,PSD25,Little Conch,S3.6,3,6,t7,D,G,7/3/2025,5,8/20/2025,48,0.21,3,3.21,0.9345,
PSD25_S3.6_t7_A_R,PSD25,Little Conch,S3.6,3,6,t7,A,R,7/3/2025,5,8/20/2025,48,0.21,3,3.21,2.2085,
PSD25_S3.6_t7_B_R,PSD25,Little Conch,S3.6,3,6,t7,B,R,7/3/2025,5,8/20/2025,48,0.21,3,3.21,2.2914,
PSD25_S3.6_t7_C_R,PSD25,Little Conch,S3.6,3,6,t7,C,R,7/3/2025,5,8/20/2025,48,0.21,3,3.21,2.3287,
PSD25_S3.6_t7_D_R,PSD25,Little Conch,S3.6,3,6,t7,D,R,7/3/2025,5,8/20/2025,48,0.21,3,3.21,NA,
PSD25_S1.1_t25_A_G,PSD25,Annes Beach,S1.1,1,1,t25,A,G,7/2/2025,5,,,0.21,3,3.21,,
PSD25_S1.1_t25_B_G,PSD25,Annes Beach,S1.1,1,1,t25,B,G,7/2/2025,5,,,0.21,3,3.21,,
PSD25_S1.1_t25_C_G,PSD25,Annes Beach,S1.1,1,1,t25,C,G,7/2/2025,5,,,0.21,3,3.21,,
PSD25_S1.1_t25_D_G,PSD25,Annes Beach,S1.1,1,1,t25,D,G,7/2/2025,5,,,0.21,3,3.21,,
PSD25_S1.1_t25_A_R,PSD25,Annes Beach,S1.1,1,1,t25,A,R,7/2/2025,5,,,0.21,3,3.21,,
PSD25_S1.1_t25_B_R,PSD25,Annes Beach,S1.1,1,1,t25,B,R,7/2/2025,5,,,0.21,3,3.21,,
PSD25_S1.1_t25_C_R,PSD25,Annes Beach,S1.1,1,1,t25,C,R,7/2/2025,5,,,0.21,3,3.21,,
PSD25_S1.1_t25_D_R,PSD25,Annes Beach,S1.1,1,1,t25,D,R,7/2/2025,5,,,0.21,3,3.21,,
PSD25_S1.2_t25_A_G,PSD25,Annes Beach,S1.2,1,2,t25,A,G,7/2/2025,5,,,0.21,3,3.21,,
PSD25_S1.2_t25_B_G,PSD25,Annes Beach,S1.2,1,2,t25,B,G,7/2/2025,5,,,0.21,3,3.21,,
PSD25_S1.2_t25_C_G,PSD25,Annes Beach,S1.2,1,2,t25,C,G,7/2/2025,5,,,0.21,3,3.21,,
PSD25_S1.2_t25_D_G,PSD25,Annes Beach,S1.2,1,2,t25,D,G,7/2/2025,5,,,0.21,3,3.21,,
PSD25_S1.2_t25_A_R,PSD25,Annes Beach,S1.2,1,2,t25,A,R,7/2/2025,5,,,0.21,3,3.21,,
PSD25_S1.2_t25_B_R,PSD25,Annes Beach,S1.2,1,2,t25,B,R,7/2/2025,5,,,0.21,3,3.21,,
PSD25_S1.2_t25_C_R,PSD25,Annes Beach,S1.2,1,2,t25,C,R,7/2/2025,5,,,0.21,3,3.21,,
PSD25_S1.2_t25_D_R,PSD25,Annes Beach,S1.2,1,2,t25,D,R,7/2/2025,5,,,0.21,3,3.21,,
PSD25_S1.3_t25_A_G,PSD25,Annes Beach,S1.3,1,3,t25,A,G,7/2/2025,5,,,0.21,3,3.21,,
PSD25_S1.3_t25_B_G,PSD25,Annes Beach,S1.3,1,3,t25,B,G,7/2/2025,5,,,0.21,3,3.21,,
PSD25_S1.3_t25_C_G,PSD25,Annes Beach,S1.3,1,3,t25,C,G,7/2/2025,5,,,0.21,3,3.21,,
PSD25_S1.3_t25_D_G,PSD25,Annes Beach,S1.3,1,3,t25,D,G,7/2/2025,5,,,0.21,3,3.21,,
PSD25_S1.3_t25_A_R,PSD25,Annes Beach,S1.3,1,3,t25,A,R,7/2/2025,5,,,0.21,3,3.21,,
PSD25_S1.3_t25_B_R,PSD25,Annes Beach,S1.3,1,3,t25,B,R,7/2/2025,5,,,0.21,3,3.21,,
PSD25_S1.3_t25_C_R,PSD25,Annes Beach,S1.3,1,3,t25,C,R,7/2/2025,5,,,0.21,3,3.21,,
PSD25_S1.3_t25_D_R,PSD25,Annes Beach,S1.3,1,3,t25,D,R,7/2/2025,5,,,0.21,3,3.21,,
PSD25_S1.4_t25_A_G,PSD25,Annes Beach,S1.4,1,4,t25,A,G,7/2/2025,5,,,0.21,3,3.21,,
PSD25_S1.4_t25_B_G,PSD25,Annes Beach,S1.4,1,4,t25,B,G,7/2/2025,5,,,0.21,3,3.21,,
PSD25_S1.4_t25_C_G,PSD25,Annes Beach,S1.4,1,4,t25,C,G,7/2/2025,5,,,0.21,3,3.21,,
PSD25_S1.4_t25_D_G,PSD25,Annes Beach,S1.4,1,4,t25,D,G,7/2/2025,5,,,0.21,3,3.21,,
PSD25_S1.4_t25_A_R,PSD25,Annes Beach,S1.4,1,4,t25,A,R,7/2/2025,5,,,0.21,3,3.21,,
PSD25_S1.4_t25_B_R,PSD25,Annes Beach,S1.4,1,4,t25,B,R,7/2/2025,5,,,0.21,3,3.21,,
PSD25_S1.4_t25_C_R,PSD25,Annes Beach,S1.4,1,4,t25,C,R,7/2/2025,5,,,0.21,3,3.21,,
PSD25_S1.4_t25_D_R,PSD25,Annes Beach,S1.4,1,4,t25,D,R,7/2/2025,5,,,0.21,3,3.21,,
PSD25_S1.5_t25_A_G,PSD25,Annes Beach,S1.5,1,5,t25,A,G,7/2/2025,5,,,0.21,3,3.21,,
PSD25_S1.5_t25_B_G,PSD25,Annes Beach,S1.5,1,5,t25,B,G,7/2/2025,5,,,0.21,3,3.21,,
PSD25_S1.5_t25_C_G,PSD25,Annes Beach,S1.5,1,5,t25,C,G,7/2/2025,5,,,0.21,3,3.21,,
PSD25_S1.5_t25_D_G,PSD25,Annes Beach,S1.5,1,5,t25,D,G,7/2/2025,5,,,0.21,3,3.21,,
PSD25_S1.5_t25_A_R,PSD25,Annes Beach,S1.5,1,5,t25,A,R,7/2/2025,5,,,0.21,3,3.21,,
PSD25_S1.5_t25_B_R,PSD25,Annes Beach,S1.5,1,5,t25,B,R,7/2/2025,5,,,0.21,3,3.21,,
PSD25_S1.5_t25_C_R,PSD25,Annes Beach,S1.5,1,5,t25,C,R,7/2/2025,5,,,0.21,3,3.21,,
PSD25_S1.5_t25_D_R,PSD25,Annes Beach,S1.5,1,5,t25,D,R,7/2/2025,5,,,0.21,3,3.21,,
PSD25_S1.6_t25_A_G,PSD25,Annes Beach,S1.6,1,6,t25,A,G,7/2/2025,5,,,0.21,3,3.21,,
PSD25_S1.6_t25_B_G,PSD25,Annes Beach,S1.6,1,6,t25,B,G,7/2/2025,5,,,0.21,3,3.21,,
PSD25_S1.6_t25_C_G,PSD25,Annes Beach,S1.6,1,6,t25,C,G,7/2/2025,5,,,0.21,3,3.21,,
PSD25_S1.6_t25_D_G,PSD25,Annes Beach,S1.6,1,6,t25,D,G,7/2/2025,5,,,0.21,3,3.21,,
PSD25_S1.6_t25_A_R,PSD25,Annes Beach,S1.6,1,6,t25,A,R,7/2/2025,5,,,0.21,3,3.21,,
PSD25_S1.6_t25_B_R,PSD25,Annes Beach,S1.6,1,6,t25,B,R,7/2/2025,5,,,0.21,3,3.21,,
PSD25_S1.6_t25_C_R,PSD25,Annes Beach,S1.6,1,6,t25,C,R,7/2/2025,5,,,0.21,3,3.21,,
PSD25_S1.6_t25_D_R,PSD25,Annes Beach,S1.6,1,6,t25,D,R,7/2/2025,5,,,0.21,3,3.21,,
PSD25_S2.1_t25_A_G,PSD25,Craig Key,S2.1,2,1,t25,A,G,7/2/2025,5,,,0.21,3,3.21,,
PSD25_S2.1_t25_B_G,PSD25,Craig Key,S2.1,2,1,t25,B,G,7/2/2025,5,,,0.21,3,3.21,,
PSD25_S2.1_t25_C_G,PSD25,Craig Key,S2.1,2,1,t25,C,G,7/2/2025,5,,,0.21,3,3.21,,
PSD25_S2.1_t25_D_G,PSD25,Craig Key,S2.1,2,1,t25,D,G,7/2/2025,5,,,0.21,3,3.21,,
PSD25_S2.1_t25_A_R,PSD25,Craig Key,S2.1,2,1,t25,A,R,7/2/2025,5,,,0.21,3,3.21,,
PSD25_S2.1_t25_B_R,PSD25,Craig Key,S2.1,2,1,t25,B,R,7/2/2025,5,,,0.21,3,3.21,,
PSD25_S2.1_t25_C_R,PSD25,Craig Key,S2.1,2,1,t25,C,R,7/2/2025,5,,,0.21,3,3.21,,
PSD25_S2.1_t25_D_R,PSD25,Craig Key,S2.1,2,1,t25,D,R,7/2/2025,5,,,0.21,3,3.21,,
PSD25_S2.2_t25_A_G,PSD25,Craig Key,S2.2,2,2,t25,A,G,7/2/2025,5,,,0.21,3,3.21,,
PSD25_S2.2_t25_B_G,PSD25,Craig Key,S2.2,2,2,t25,B,G,7/2/2025,5,,,0.21,3,3.21,,
PSD25_S2.2_t25_C_G,PSD25,Craig Key,S2.2,2,2,t25,C,G,7/2/2025,5,,,0.21,3,3.21,,
PSD25_S2.2_t25_D_G,PSD25,Craig Key,S2.2,2,2,t25,D,G,7/2/2025,5,,,0.21,3,3.21,,
PSD25_S2.2_t25_A_R,PSD25,Craig Key,S2.2,2,2,t25,A,R,7/2/2025,5,,,0.21,3,3.21,,
PSD25_S2.2_t25_B_R,PSD25,Craig Key,S2.2,2,2,t25,B,R,7/2/2025,5,,,0.21,3,3.21,,
PSD25_S2.2_t25_C_R,PSD25,Craig Key,S2.2,2,2,t25,C,R,7/2/2025,5,,,0.21,3,3.21,,
PSD25_S2.2_t25_D_R,PSD25,Craig Key,S2.2,2,2,t25,D,R,7/2/2025,5,,,0.21,3,3.21,,
PSD25_S2.3_t25_A_G,PSD25,Craig Key,S2.3,2,3,t25,A,G,7/2/2025,5,,,0.21,3,3.21,,
PSD25_S2.3_t25_B_G,PSD25,Craig Key,S2.3,2,3,t25,B,G,7/2/2025,5,,,0.21,3,3.21,,
PSD25_S2.3_t25_C_G,PSD25,Craig Key,S2.3,2,3,t25,C,G,7/2/2025,5,,,0.21,3,3.21,,
PSD25_S2.3_t25_D_G,PSD25,Craig Key,S2.3,2,3,t25,D,G,7/2/2025,5,,,0.21,3,3.21,,
PSD25_S2.3_t25_A_R,PSD25,Craig Key,S2.3,2,3,t25,A,R,7/2/2025,5,,,0.21,3,3.21,,
PSD25_S2.3_t25_B_R,PSD25,Craig Key,S2.3,2,3,t25,B,R,7/2/2025,5,,,0.21,3,3.21,,
PSD25_S2.3_t25_C_R,PSD25,Craig Key,S2.3,2,3,t25,C,R,7/2/2025,5,,,0.21,3,3.21,,
PSD25_S2.3_t25_D_R,PSD25,Craig Key,S2.3,2,3,t25,D,R,7/2/2025,5,,,0.21,3,3.21,,
PSD25_S2.4_t25_A_G,PSD25,Craig Key,S2.4,2,4,t25,A,G,7/2/2025,5,,,0.21,3,3.21,,
PSD25_S2.4_t25_B_G,PSD25,Craig Key,S2.4,2,4,t25,B,G,7/2/2025,5,,,0.21,3,3.21,,
PSD25_S2.4_t25_C_G,PSD25,Craig Key,S2.4,2,4,t25,C,G,7/2/2025,5,,,0.21,3,3.21,,
PSD25_S2.4_t25_D_G,PSD25,Craig Key,S2.4,2,4,t25,D,G,7/2/2025,5,,,0.21,3,3.21,,
PSD25_S2.4_t25_A_R,PSD25,Craig Key,S2.4,2,4,t25,A,R,7/2/2025,5,,,0.21,3,3.21,,
PSD25_S2.4_t25_B_R,PSD25,Craig Key,S2.4,2,4,t25,B,R,7/2/2025,5,,,0.21,3,3.21,,
PSD25_S2.4_t25_C_R,PSD25,Craig Key,S2.4,2,4,t25,C,R,7/2/2025,5,,,0.21,3,3.21,,
PSD25_S2.4_t25_D_R,PSD25,Craig Key,S2.4,2,4,t25,D,R,7/2/2025,5,,,0.21,3,3.21,,
PSD25_S2.5_t25_A_G,PSD25,Craig Key,S2.5,2,5,t25,A,G,7/2/2025,5,,,0.21,3,3.21,,
PSD25_S2.5_t25_B_G,PSD25,Craig Key,S2.5,2,5,t25,B,G,7/2/2025,5,,,0.21,3,3.21,,
PSD25_S2.5_t25_C_G,PSD25,Craig Key,S2.5,2,5,t25,C,G,7/2/2025,5,,,0.21,3,3.21,,
PSD25_S2.5_t25_D_G,PSD25,Craig Key,S2.5,2,5,t25,D,G,7/2/2025,5,,,0.21,3,3.21,,
PSD25_S2.5_t25_A_R,PSD25,Craig Key,S2.5,2,5,t25,A,R,7/2/2025,5,,,0.21,3,3.21,,
PSD25_S2.5_t25_B_R,PSD25,Craig Key,S2.5,2,5,t25,B,R,7/2/2025,5,,,0.21,3,3.21,,
PSD25_S2.5_t25_C_R,PSD25,Craig Key,S2.5,2,5,t25,C,R,7/2/2025,5,,,0.21,3,3.21,,
PSD25_S2.5_t25_D_R,PSD25,Craig Key,S2.5,2,5,t25,D,R,7/2/2025,5,,,0.21,3,3.21,,
PSD25_S2.6_t25_A_G,PSD25,Craig Key,S2.6,2,6,t25,A,G,7/2/2025,5,,,0.21,3,3.21,,
PSD25_S2.6_t25_B_G,PSD25,Craig Key,S2.6,2,6,t25,B,G,7/2/2025,5,,,0.21,3,3.21,,
PSD25_S2.6_t25_C_G,PSD25,Craig Key,S2.6,2,6,t25,C,G,7/2/2025,5,,,0.21,3,3.21,,
PSD25_S2.6_t25_D_G,PSD25,Craig Key,S2.6,2,6,t25,D,G,7/2/2025,5,,,0.21,3,3.21,,
PSD25_S2.6_t25_A_R,PSD25,Craig Key,S2.6,2,6,t25,A,R,7/2/2025,5,,,0.21,3,3.21,,
PSD25_S2.6_t25_B_R,PSD25,Craig Key,S2.6,2,6,t25,B,R,7/2/2025,5,,,0.21,3,3.21,,
PSD25_S2.6_t25_C_R,PSD25,Craig Key,S2.6,2,6,t25,C,R,7/2/2025,5,,,0.21,3,3.21,,
PSD25_S2.6_t25_D_R,PSD25,Craig Key,S2.6,2,6,t25,D,R,7/2/2025,5,,,0.21,3,3.21,,
PSD25_S3.1_t25_A_G,PSD25,Little Conch,S3.1,3,1,t25,A,G,7/3/2025,5,,,0.21,3,3.21,,
PSD25_S3.1_t25_B_G,PSD25,Little Conch,S3.1,3,1,t25,B,G,7/3/2025,5,,,0.21,3,3.21,,
PSD25_S3.1_t25_C_G,PSD25,Little Conch,S3.1,3,1,t25,C,G,7/3/2025,5,,,0.21,3,3.21,,
PSD25_S3.1_t25_D_G,PSD25,Little Conch,S3.1,3,1,t25,D,G,7/3/2025,5,,,0.21,3,3.21,,
PSD25_S3.1_t25_A_R,PSD25,Little Conch,S3.1,3,1,t25,A,R,7/3/2025,5,,,0.21,3,3.21,,
PSD25_S3.1_t25_B_R,PSD25,Little Conch,S3.1,3,1,t25,B,R,7/3/2025,5,,,0.21,3,3.21,,
PSD25_S3.1_t25_C_R,PSD25,Little Conch,S3.1,3,1,t25,C,R,7/3/2025,5,,,0.21,3,3.21,,
PSD25_S3.1_t25_D_R,PSD25,Little Conch,S3.1,3,1,t25,D,R,7/3/2025,5,,,0.21,3,3.21,,
PSD25_S3.2_t25_A_G,PSD25,Little Conch,S3.2,3,2,t25,A,G,7/3/2025,5,,,0.21,3,3.21,,
PSD25_S3.2_t25_B_G,PSD25,Little Conch,S3.2,3,2,t25,B,G,7/3/2025,5,,,0.21,3,3.21,,
PSD25_S3.2_t25_C_G,PSD25,Little Conch,S3.2,3,2,t25,C,G,7/3/2025,5,,,0.21,3,3.21,,
PSD25_S3.2_t25_D_G,PSD25,Little Conch,S3.2,3,2,t25,D,G,7/3/2025,5,,,0.21,3,3.21,,
PSD25_S3.2_t25_A_R,PSD25,Little Conch,S3.2,3,2,t25,A,R,7/3/2025,5,,,0.21,3,3.21,,
PSD25_S3.2_t25_B_R,PSD25,Little Conch,S3.2,3,2,t25,B,R,7/3/2025,5,,,0.21,3,3.21,,
PSD25_S3.2_t25_C_R,PSD25,Little Conch,S3.2,3,2,t25,C,R,7/3/2025,5,,,0.21,3,3.21,,
PSD25_S3.2_t25_D_R,PSD25,Little Conch,S3.2,3,2,t25,D,R,7/3/2025,5,,,0.21,3,3.21,,
PSD25_S3.3_t25_A_G,PSD25,Little Conch,S3.3,3,3,t25,A,G,7/3/2025,5,,,0.21,3,3.21,,
PSD25_S3.3_t25_B_G,PSD25,Little Conch,S3.3,3,3,t25,B,G,7/3/2025,5,,,0.21,3,3.21,,
PSD25_S3.3_t25_C_G,PSD25,Little Conch,S3.3,3,3,t25,C,G,7/3/2025,5,,,0.21,3,3.21,,
PSD25_S3.3_t25_D_G,PSD25,Little Conch,S3.3,3,3,t25,D,G,7/3/2025,5,,,0.21,3,3.21,,
PSD25_S3.3_t25_A_R,PSD25,Little Conch,S3.3,3,3,t25,A,R,7/3/2025,5,,,0.21,3,3.21,,
PSD25_S3.3_t25_B_R,PSD25,Little Conch,S3.3,3,3,t25,B,R,7/3/2025,5,,,0.21,3,3.21,,
PSD25_S3.3_t25_C_R,PSD25,Little Conch,S3.3,3,3,t25,C,R,7/3/2025,5,,,0.21,3,3.21,,
PSD25_S3.3_t25_D_R,PSD25,Little Conch,S3.3,3,3,t25,D,R,7/3/2025,5,,,0.21,3,3.21,,
PSD25_S3.4_t25_A_G,PSD25,Little Conch,S3.4,3,4,t25,A,G,7/3/2025,5,,,0.21,3,3.21,,
PSD25_S3.4_t25_B_G,PSD25,Little Conch,S3.4,3,4,t25,B,G,7/3/2025,5,,,0.21,3,3.21,,
PSD25_S3.4_t25_C_G,PSD25,Little Conch,S3.4,3,4,t25,C,G,7/3/2025,5,,,0.21,3,3.21,,
PSD25_S3.4_t25_D_G,PSD25,Little Conch,S3.4,3,4,t25,D,G,7/3/2025,5,,,0.21,3,3.21,,
PSD25_S3.4_t25_A_R,PSD25,Little Conch,S3.4,3,4,t25,A,R,7/3/2025,5,,,0.21,3,3.21,,
PSD25_S3.4_t25_B_R,PSD25,Little Conch,S3.4,3,4,t25,B,R,7/3/2025,5,,,0.21,3,3.21,,
PSD25_S3.4_t25_C_R,PSD25,Little Conch,S3.4,3,4,t25,C,R,7/3/2025,5,,,0.21,3,3.21,,
PSD25_S3.4_t25_D_R,PSD25,Little Conch,S3.4,3,4,t25,D,R,7/3/2025,5,,,0.21,3,3.21,,
PSD25_S3.5_t25_A_G,PSD25,Little Conch,S3.5,3,5,t25,A,G,7/3/2025,5,,,0.21,3,3.21,,
PSD25_S3.5_t25_B_G,PSD25,Little Conch,S3.5,3,5,t25,B,G,7/3/2025,5,,,0.21,3,3.21,,
PSD25_S3.5_t25_C_G,PSD25,Little Conch,S3.5,3,5,t25,C,G,7/3/2025,5,,,0.21,3,3.21,,
PSD25_S3.5_t25_D_G,PSD25,Little Conch,S3.5,3,5,t25,D,G,7/3/2025,5,,,0.21,3,3.21,,
PSD25_S3.5_t25_A_R,PSD25,Little Conch,S3.5,3,5,t25,A,R,7/3/2025,5,,,0.21,3,3.21,,
PSD25_S3.5_t25_B_R,PSD25,Little Conch,S3.5,3,5,t25,B,R,7/3/2025,5,,,0.21,3,3.21,,
PSD25_S3.5_t25_C_R,PSD25,Little Conch,S3.5,3,5,t25,C,R,7/3/2025,5,,,0.21,3,3.21,,
PSD25_S3.5_t25_D_R,PSD25,Little Conch,S3.5,3,5,t25,D,R,7/3/2025,5,,,0.21,3,3.21,,
PSD25_S3.6_t25_A_G,PSD25,Little Conch,S3.6,3,6,t25,A,G,7/3/2025,5,,,0.21,3,3.21,,
PSD25_S3.6_t25_B_G,PSD25,Little Conch,S3.6,3,6,t25,B,G,7/3/2025,5,,,0.21,3,3.21,,
PSD25_S3.6_t25_C_G,PSD25,Little Conch,S3.6,3,6,t25,C,G,7/3/2025,5,,,0.21,3,3.21,,
PSD25_S3.6_t25_D_G,PSD25,Little Conch,S3.6,3,6,t25,D,G,7/3/2025,5,,,0.21,3,3.21,,
PSD25_S3.6_t25_A_R,PSD25,Little Conch,S3.6,3,6,t25,A,R,7/3/2025,5,,,0.21,3,3.21,,
PSD25_S3.6_t25_B_R,PSD25,Little Conch,S3.6,3,6,t25,B,R,7/3/2025,5,,,0.21,3,3.21,,
PSD25_S3.6_t25_C_R,PSD25,Little Conch,S3.6,3,6,t25,C,R,7/3/2025,5,,,0.21,3,3.21,,
PSD25_S3.6_t25_D_R,PSD25,Little Conch,S3.6,3,6,t25,D,R,7/3/2025,5,,,0.21,3,3.21,,
PSD25_S1.1_t0_A_G,PSD25,Annes Beach,S1.1,1,1,t0,A,G,NA,5,NA,0,0.21,3,3.21,3.21,
PSD25_S1.1_t0_B_G,PSD25,Annes Beach,S1.1,1,1,t0,B,G,NA,5,NA,0,0.21,3,3.21,3.21,
PSD25_S1.1_t0_C_G,PSD25,Annes Beach,S1.1,1,1,t0,C,G,NA,5,NA,0,0.21,3,3.21,3.21,
PSD25_S1.1_t0_D_G,PSD25,Annes Beach,S1.1,1,1,t0,D,G,NA,5,NA,0,0.21,3,3.21,3.21,
PSD25_S1.2_t0_A_G,PSD25,Annes Beach,S1.2,1,2,t0,A,G,NA,5,NA,0,0.21,3,3.21,3.21,
PSD25_S1.2_t0_B_G,PSD25,Annes Beach,S1.2,1,2,t0,B,G,NA,5,NA,0,0.21,3,3.21,3.21,
PSD25_S1.2_t0_C_G,PSD25,Annes Beach,S1.2,1,2,t0,C,G,NA,5,NA,0,0.21,3,3.21,3.21,
PSD25_S1.2_t0_D_G,PSD25,Annes Beach,S1.2,1,2,t0,D,G,NA,5,NA,0,0.21,3,3.21,3.21,
PSD25_S1.3_t0_A_G,PSD25,Annes Beach,S1.3,1,3,t0,A,G,NA,5,NA,0,0.21,3,3.21,3.21,
PSD25_S1.3_t0_B_G,PSD25,Annes Beach,S1.3,1,3,t0,B,G,NA,5,NA,0,0.21,3,3.21,3.21,
PSD25_S1.3_t0_C_G,PSD25,Annes Beach,S1.3,1,3,t0,C,G,NA,5,NA,0,0.21,3,3.21,3.21,
PSD25_S1.3_t0_D_G,PSD25,Annes Beach,S1.3,1,3,t0,D,G,NA,5,NA,0,0.21,3,3.21,3.21,
PSD25_S1.4_t0_A_G,PSD25,Annes Beach,S1.4,1,4,t0,A,G,NA,5,NA,0,0.21,3,3.21,3.21,
PSD25_S1.4_t0_B_G,PSD25,Annes Beach,S1.4,1,4,t0,B,G,NA,5,NA,0,0.21,3,3.21,3.21,
PSD25_S1.4_t0_C_G,PSD25,Annes Beach,S1.4,1,4,t0,C,G,NA,5,NA,0,0.21,3,3.21,3.21,
PSD25_S1.4_t0_D_G,PSD25,Annes Beach,S1.4,1,4,t0,D,G,NA,5,NA,0,0.21,3,3.21,3.21,
PSD25_S1.5_t0_A_G,PSD25,Annes Beach,S1.5,1,5,t0,A,G,NA,5,NA,0,0.21,3,3.21,3.21,
PSD25_S1.5_t0_B_G,PSD25,Annes Beach,S1.5,1,5,t0,B,G,NA,5,NA,0,0.21,3,3.21,3.21,
PSD25_S1.5_t0_C_G,PSD25,Annes Beach,S1.5,1,5,t0,C,G,NA,5,NA,0,0.21,3,3.21,3.21,
PSD25_S1.5_t0_D_G,PSD25,Annes Beach,S1.5,1,5,t0,D,G,NA,5,NA,0,0.21,3,3.21,3.21,
PSD25_S1.6_t0_A_G,PSD25,Annes Beach,S1.6,1,6,t0,A,G,NA,5,NA,0,0.21,3,3.21,3.21,
PSD25_S1.6_t0_B_G,PSD25,Annes Beach,S1.6,1,6,t0,B,G,NA,5,NA,0,0.21,3,3.21,3.21,
PSD25_S1.6_t0_C_G,PSD25,Annes Beach,S1.6,1,6,t0,C,G,NA,5,NA,0,0.21,3,3.21,3.21,
PSD25_S1.6_t0_D_G,PSD25,Annes Beach,S1.6,1,6,t0,D,G,NA,5,NA,0,0.21,3,3.21,3.21,
PSD25_S2.1_t0_A_G,PSD25,Craig Key,S2.1,2,1,t0,A,G,NA,5,NA,0,0.21,3,3.21,3.21,
PSD25_S2.1_t0_B_G,PSD25,Craig Key,S2.1,2,1,t0,B,G,NA,5,NA,0,0.21,3,3.21,3.21,
PSD25_S2.1_t0_C_G,PSD25,Craig Key,S2.1,2,1,t0,C,G,NA,5,NA,0,0.21,3,3.21,3.21,
PSD25_S2.1_t0_D_G,PSD25,Craig Key,S2.1,2,1,t0,D,G,NA,5,NA,0,0.21,3,3.21,3.21,
PSD25_S2.2_t0_A_G,PSD25,Craig Key,S2.2,2,2,t0,A,G,NA,5,NA,0,0.21,3,3.21,3.21,
PSD25_S2.2_t0_B_G,PSD25,Craig Key,S2.2,2,2,t0,B,G,NA,5,NA,0,0.21,3,3.21,3.21,
PSD25_S2.2_t0_C_G,PSD25,Craig Key,S2.2,2,2,t0,C,G,NA,5,NA,0,0.21,3,3.21,3.21,
PSD25_S2.2_t0_D_G,PSD25,Craig Key,S2.2,2,2,t0,D,G,NA,5,NA,0,0.21,3,3.21,3.21,
PSD25_S2.3_t0_A_G,PSD25,Craig Key,S2.3,2,3,t0,A,G,NA,5,NA,0,0.21,3,3.21,3.21,
PSD25_S2.3_t0_B_G,PSD25,Craig Key,S2.3,2,3,t0,B,G,NA,5,NA,0,0.21,3,3.21,3.21,
PSD25_S2.3_t0_C_G,PSD25,Craig Key,S2.3,2,3,t0,C,G,NA,5,NA,0,0.21,3,3.21,3.21,
PSD25_S2.3_t0_D_G,PSD25,Craig Key,S2.3,2,3,t0,D,G,NA,5,NA,0,0.21,3,3.21,3.21,
PSD25_S2.4_t0_A_G,PSD25,Craig Key,S2.4,2,4,t0,A,G,NA,5,NA,0,0.21,3,3.21,3.21,
PSD25_S2.4_t0_B_G,PSD25,Craig Key,S2.4,2,4,t0,B,G,NA,5,NA,0,0.21,3,3.21,3.21,
PSD25_S2.4_t0_C_G,PSD25,Craig Key,S2.4,2,4,t0,C,G,NA,5,NA,0,0.21,3,3.21,3.21,
PSD25_S2.4_t0_D_G,PSD25,Craig Key,S2.4,2,4,t0,D,G,NA,5,NA,0,0.21,3,3.21,3.21,
PSD25_S2.5_t0_A_G,PSD25,Craig Key,S2.5,2,5,t0,A,G,NA,5,NA,0,0.21,3,3.21,3.21,
PSD25_S2.5_t0_B_G,PSD25,Craig Key,S2.5,2,5,t0,B,G,NA,5,NA,0,0.21,3,3.21,3.21,
PSD25_S2.5_t0_C_G,PSD25,Craig Key,S2.5,2,5,t0,C,G,NA,5,NA,0,0.21,3,3.21,3.21,
PSD25_S2.5_t0_D_G,PSD25,Craig Key,S2.5,2,5,t0,D,G,NA,5,NA,0,0.21,3,3.21,3.21,
PSD25_S2.6_t0_A_G,PSD25,Craig Key,S2.6,2,6,t0,A,G,NA,5,NA,0,0.21,3,3.21,3.21,
PSD25_S2.6_t0_B_G,PSD25,Craig Key,S2.6,2,6,t0,B,G,NA,5,NA,0,0.21,3,3.21,3.21,
PSD25_S2.6_t0_C_G,PSD25,Craig Key,S2.6,2,6,t0,C,G,NA,5,NA,0,0.21,3,3.21,3.21,
PSD25_S2.6_t0_D_G,PSD25,Craig Key,S2.6,2,6,t0,D,G,NA,5,NA,0,0.21,3,3.21,3.21,
PSD25_S3.1_t0_A_G,PSD25,Little Conch,S3.1,3,1,t0,A,G,NA,5,NA,0,0.21,3,3.21,3.21,
PSD25_S3.1_t0_B_G,PSD25,Little Conch,S3.1,3,1,t0,B,G,NA,5,NA,0,0.21,3,3.21,3.21,
PSD25_S3.1_t0_C_G,PSD25,Little Conch,S3.1,3,1,t0,C,G,NA,5,NA,0,0.21,3,3.21,3.21,
PSD25_S3.1_t0_D_G,PSD25,Little Conch,S3.1,3,1,t0,D,G,NA,5,NA,0,0.21,3,3.21,3.21,
PSD25_S3.2_t0_A_G,PSD25,Little Conch,S3.2,3,2,t0,A,G,NA,5,NA,0,0.21,3,3.21,3.21,
PSD25_S3.2_t0_B_G,PSD25,Little Conch,S3.2,3,2,t0,B,G,NA,5,NA,0,0.21,3,3.21,3.21,
PSD25_S3.2_t0_C_G,PSD25,Little Conch,S3.2,3,2,t0,C,G,NA,5,NA,0,0.21,3,3.21,3.21,
PSD25_S3.2_t0_D_G,PSD25,Little Conch,S3.2,3,2,t0,D,G,NA,5,NA,0,0.21,3,3.21,3.21,
PSD25_S3.3_t0_A_G,PSD25,Little Conch,S3.3,3,3,t0,A,G,NA,5,NA,0,0.21,3,3.21,3.21,
PSD25_S3.3_t0_B_G,PSD25,Little Conch,S3.3,3,3,t0,B,G,NA,5,NA,0,0.21,3,3.21,3.21,
PSD25_S3.3_t0_C_G,PSD25,Little Conch,S3.3,3,3,t0,C,G,NA,5,NA,0,0.21,3,3.21,3.21,
PSD25_S3.3_t0_D_G,PSD25,Little Conch,S3.3,3,3,t0,D,G,NA,5,NA,0,0.21,3,3.21,3.21,
PSD25_S3.4_t0_A_G,PSD25,Little Conch,S3.4,3,4,t0,A,G,NA,5,NA,0,0.21,3,3.21,3.21,
PSD25_S3.4_t0_B_G,PSD25,Little Conch,S3.4,3,4,t0,B,G,NA,5,NA,0,0.21,3,3.21,3.21,
PSD25_S3.4_t0_C_G,PSD25,Little Conch,S3.4,3,4,t0,C,G,NA,5,NA,0,0.21,3,3.21,3.21,
PSD25_S3.4_t0_D_G,PSD25,Little Conch,S3.4,3,4,t0,D,G,NA,5,NA,0,0.21,3,3.21,3.21,
PSD25_S3.5_t0_A_G,PSD25,Little Conch,S3.5,3,5,t0,A,G,NA,5,NA,0,0.21,3,3.21,3.21,
PSD25_S3.5_t0_B_G,PSD25,Little Conch,S3.5,3,5,t0,B,G,NA,5,NA,0,0.21,3,3.21,3.21,
PSD25_S3.5_t0_C_G,PSD25,Little Conch,S3.5,3,5,t0,C,G,NA,5,NA,0,0.21,3,3.21,3.21,
PSD25_S3.5_t0_D_G,PSD25,Little Conch,S3.5,3,5,t0,D,G,NA,5,NA,0,0.21,3,3.21,3.21,
PSD25_S3.6_t0_A_G,PSD25,Little Conch,S3.6,3,6,t0,A,G,NA,5,NA,0,0.21,3,3.21,3.21,
PSD25_S3.6_t0_B_G,PSD25,Little Conch,S3.6,3,6,t0,B,G,NA,5,NA,0,0.21,3,3.21,3.21,
PSD25_S3.6_t0_C_G,PSD25,Little Conch,S3.6,3,6,t0,C,G,NA,5,NA,0,0.21,3,3.21,3.21,
PSD25_S3.6_t0_D_G,PSD25,Little Conch,S3.6,3,6,t0,D,G,NA,5,NA,0,0.21,3,3.21,3.21,
PSD25_S1.1_t0_A_R,PSD25,Annes Beach,S1.1,1,1,t0,A,R,NA,5,NA,0,0.21,3,3.21,3.21,
PSD25_S1.1_t0_B_R,PSD25,Annes Beach,S1.1,1,1,t0,B,R,NA,5,NA,0,0.21,3,3.21,3.21,
PSD25_S1.1_t0_C_R,PSD25,Annes Beach,S1.1,1,1,t0,C,R,NA,5,NA,0,0.21,3,3.21,3.21,
PSD25_S1.1_t0_D_R,PSD25,Annes Beach,S1.1,1,1,t0,D,R,NA,5,NA,0,0.21,3,3.21,3.21,
PSD25_S1.2_t0_A_R,PSD25,Annes Beach,S1.2,1,2,t0,A,R,NA,5,NA,0,0.21,3,3.21,3.21,
PSD25_S1.2_t0_B_R,PSD25,Annes Beach,S1.2,1,2,t0,B,R,NA,5,NA,0,0.21,3,3.21,3.21,
PSD25_S1.2_t0_C_R,PSD25,Annes Beach,S1.2,1,2,t0,C,R,NA,5,NA,0,0.21,3,3.21,3.21,
PSD25_S1.2_t0_D_R,PSD25,Annes Beach,S1.2,1,2,t0,D,R,NA,5,NA,0,0.21,3,3.21,3.21,
PSD25_S1.3_t0_A_R,PSD25,Annes Beach,S1.3,1,3,t0,A,R,NA,5,NA,0,0.21,3,3.21,3.21,
PSD25_S1.3_t0_B_R,PSD25,Annes Beach,S1.3,1,3,t0,B,R,NA,5,NA,0,0.21,3,3.21,3.21,
PSD25_S1.3_t0_C_R,PSD25,Annes Beach,S1.3,1,3,t0,C,R,NA,5,NA,0,0.21,3,3.21,3.21,
PSD25_S1.3_t0_D_R,PSD25,Annes Beach,S1.3,1,3,t0,D,R,NA,5,NA,0,0.21,3,3.21,3.21,
PSD25_S1.4_t0_A_R,PSD25,Annes Beach,S1.4,1,4,t0,A,R,NA,5,NA,0,0.21,3,3.21,3.21,
PSD25_S1.4_t0_B_R,PSD25,Annes Beach,S1.4,1,4,t0,B,R,NA,5,NA,0,0.21,3,3.21,3.21,
PSD25_S1.4_t0_C_R,PSD25,Annes Beach,S1.4,1,4,t0,C,R,NA,5,NA,0,0.21,3,3.21,3.21,
PSD25_S1.4_t0_D_R,PSD25,Annes Beach,S1.4,1,4,t0,D,R,NA,5,NA,0,0.21,3,3.21,3.21,
PSD25_S1.5_t0_A_R,PSD25,Annes Beach,S1.5,1,5,t0,A,R,NA,5,NA,0,0.21,3,3.21,3.21,
PSD25_S1.5_t0_B_R,PSD25,Annes Beach,S1.5,1,5,t0,B,R,NA,5,NA,0,0.21,3,3.21,3.21,
PSD25_S1.5_t0_C_R,PSD25,Annes Beach,S1.5,1,5,t0,C,R,NA,5,NA,0,0.21,3,3.21,3.21,
PSD25_S1.5_t0_D_R,PSD25,Annes Beach,S1.5,1,5,t0,D,R,NA,5,NA,0,0.21,3,3.21,3.21,
PSD25_S1.6_t0_A_R,PSD25,Annes Beach,S1.6,1,6,t0,A,R,NA,5,NA,0,0.21,3,3.21,3.21,
PSD25_S1.6_t0_B_R,PSD25,Annes Beach,S1.6,1,6,t0,B,R,NA,5,NA,0,0.21,3,3.21,3.21,
PSD25_S1.6_t0_C_R,PSD25,Annes Beach,S1.6,1,6,t0,C,R,NA,5,NA,0,0.21,3,3.21,3.21,
PSD25_S1.6_t0_D_R,PSD25,Annes Beach,S1.6,1,6,t0,D,R,NA,5,NA,0,0.21,3,3.21,3.21,
PSD25_S2.1_t0_A_R,PSD25,Craig Key,S2.1,2,1,t0,A,R,NA,5,NA,0,0.21,3,3.21,3.21,
PSD25_S2.1_t0_B_R,PSD25,Craig Key,S2.1,2,1,t0,B,R,NA,5,NA,0,0.21,3,3.21,3.21,
PSD25_S2.1_t0_C_R,PSD25,Craig Key,S2.1,2,1,t0,C,R,NA,5,NA,0,0.21,3,3.21,3.21,
PSD25_S2.1_t0_D_R,PSD25,Craig Key,S2.1,2,1,t0,D,R,NA,5,NA,0,0.21,3,3.21,3.21,
PSD25_S2.2_t0_A_R,PSD25,Craig Key,S2.2,2,2,t0,A,R,NA,5,NA,0,0.21,3,3.21,3.21,
PSD25_S2.2_t0_B_R,PSD25,Craig Key,S2.2,2,2,t0,B,R,NA,5,NA,0,0.21,3,3.21,3.21,
PSD25_S2.2_t0_C_R,PSD25,Craig Key,S2.2,2,2,t0,C,R,NA,5,NA,0,0.21,3,3.21,3.21,
PSD25_S2.2_t0_D_R,PSD25,Craig Key,S2.2,2,2,t0,D,R,NA,5,NA,0,0.21,3,3.21,3.21,
PSD25_S2.3_t0_A_R,PSD25,Craig Key,S2.3,2,3,t0,A,R,NA,5,NA,0,0.21,3,3.21,3.21,
PSD25_S2.3_t0_B_R,PSD25,Craig Key,S2.3,2,3,t0,B,R,NA,5,NA,0,0.21,3,3.21,3.21,
PSD25_S2.3_t0_C_R,PSD25,Craig Key,S2.3,2,3,t0,C,R,NA,5,NA,0,0.21,3,3.21,3.21,
PSD25_S2.3_t0_D_R,PSD25,Craig Key,S2.3,2,3,t0,D,R,NA,5,NA,0,0.21,3,3.21,3.21,
PSD25_S2.4_t0_A_R,PSD25,Craig Key,S2.4,2,4,t0,A,R,NA,5,NA,0,0.21,3,3.21,3.21,
PSD25_S2.4_t0_B_R,PSD25,Craig Key,S2.4,2,4,t0,B,R,NA,5,NA,0,0.21,3,3.21,3.21,
PSD25_S2.4_t0_C_R,PSD25,Craig Key,S2.4,2,4,t0,C,R,NA,5,NA,0,0.21,3,3.21,3.21,
PSD25_S2.4_t0_D_R,PSD25,Craig Key,S2.4,2,4,t0,D,R,NA,5,NA,0,0.21,3,3.21,3.21,
PSD25_S2.5_t0_A_R,PSD25,Craig Key,S2.5,2,5,t0,A,R,NA,5,NA,0,0.21,3,3.21,3.21,
PSD25_S2.5_t0_B_R,PSD25,Craig Key,S2.5,2,5,t0,B,R,NA,5,NA,0,0.21,3,3.21,3.21,
PSD25_S2.5_t0_C_R,PSD25,Craig Key,S2.5,2,5,t0,C,R,NA,5,NA,0,0.21,3,3.21,3.21,
PSD25_S2.5_t0_D_R,PSD25,Craig Key,S2.5,2,5,t0,D,R,NA,5,NA,0,0.21,3,3.21,3.21,
PSD25_S2.6_t0_A_R,PSD25,Craig Key,S2.6,2,6,t0,A,R,NA,5,NA,0,0.21,3,3.21,3.21,
PSD25_S2.6_t0_B_R,PSD25,Craig Key,S2.6,2,6,t0,B,R,NA,5,NA,0,0.21,3,3.21,3.21,
PSD25_S2.6_t0_C_R,PSD25,Craig Key,S2.6,2,6,t0,C,R,NA,5,NA,0,0.21,3,3.21,3.21,
PSD25_S2.6_t0_D_R,PSD25,Craig Key,S2.6,2,6,t0,D,R,NA,5,NA,0,0.21,3,3.21,3.21,
PSD25_S3.1_t0_A_R,PSD25,Little Conch,S3.1,3,1,t0,A,R,NA,5,NA,0,0.21,3,3.21,3.21,
PSD25_S3.1_t0_B_R,PSD25,Little Conch,S3.1,3,1,t0,B,R,NA,5,NA,0,0.21,3,3.21,3.21,
PSD25_S3.1_t0_C_R,PSD25,Little Conch,S3.1,3,1,t0,C,R,NA,5,NA,0,0.21,3,3.21,3.21,
PSD25_S3.1_t0_D_R,PSD25,Little Conch,S3.1,3,1,t0,D,R,NA,5,NA,0,0.21,3,3.21,3.21,
PSD25_S3.2_t0_A_R,PSD25,Little Conch,S3.2,3,2,t0,A,R,NA,5,NA,0,0.21,3,3.21,3.21,
PSD25_S3.2_t0_B_R,PSD25,Little Conch,S3.2,3,2,t0,B,R,NA,5,NA,0,0.21,3,3.21,3.21,
PSD25_S3.2_t0_C_R,PSD25,Little Conch,S3.2,3,2,t0,C,R,NA,5,NA,0,0.21,3,3.21,3.21,
PSD25_S3.2_t0_D_R,PSD25,Little Conch,S3.2,3,2,t0,D,R,NA,5,NA,0,0.21,3,3.21,3.21,
PSD25_S3.3_t0_A_R,PSD25,Little Conch,S3.3,3,3,t0,A,R,NA,5,NA,0,0.21,3,3.21,3.21,
PSD25_S3.3_t0_B_R,PSD25,Little Conch,S3.3,3,3,t0,B,R,NA,5,NA,0,0.21,3,3.21,3.21,
PSD25_S3.3_t0_C_R,PSD25,Little Conch,S3.3,3,3,t0,C,R,NA,5,NA,0,0.21,3,3.21,3.21,
PSD25_S3.3_t0_D_R,PSD25,Little Conch,S3.3,3,3,t0,D,R,NA,5,NA,0,0.21,3,3.21,3.21,
PSD25_S3.4_t0_A_R,PSD25,Little Conch,S3.4,3,4,t0,A,R,NA,5,NA,0,0.21,3,3.21,3.21,
PSD25_S3.4_t0_B_R,PSD25,Little Conch,S3.4,3,4,t0,B,R,NA,5,NA,0,0.21,3,3.21,3.21,
PSD25_S3.4_t0_C_R,PSD25,Little Conch,S3.4,3,4,t0,C,R,NA,5,NA,0,0.21,3,3.21,3.21,
PSD25_S3.4_t0_D_R,PSD25,Little Conch,S3.4,3,4,t0,D,R,NA,5,NA,0,0.21,3,3.21,3.21,
PSD25_S3.5_t0_A_R,PSD25,Little Conch,S3.5,3,5,t0,A,R,NA,5,NA,0,0.21,3,3.21,3.21,
PSD25_S3.5_t0_B_R,PSD25,Little Conch,S3.5,3,5,t0,B,R,NA,5,NA,0,0.21,3,3.21,3.21,
PSD25_S3.5_t0_C_R,PSD25,Little Conch,S3.5,3,5,t0,C,R,NA,5,NA,0,0.21,3,3.21,3.21,
PSD25_S3.5_t0_D_R,PSD25,Little Conch,S3.5,3,5,t0,D,R,NA,5,NA,0,0.21,3,3.21,3.21,
PSD25_S3.6_t0_A_R,PSD25,Little Conch,S3.6,3,6,t0,A,R,NA,5,NA,0,0.21,3,3.21,3.21,
PSD25_S3.6_t0_B_R,PSD25,Little Conch,S3.6,3,6,t0,B,R,NA,5,NA,0,0.21,3,3.21,3.21,
PSD25_S3.6_t0_C_R,PSD25,Little Conch,S3.6,3,6,t0,C,R,NA,5,NA,0,0.21,3,3.21,3.21,
PSD25_S3.6_t0_D_R,PSD25,Little Conch,S3.6,3,6,t0,D,R,NA,5,NA,0,0.21,3,3.21,3.21,
